data_type,link_id,tmc_corridor_name,from_node_id,to_node_id,vdf_code,QVDF_plf1,QVDF_n1,QVDF_s1,QVDF_cp1,QVDF_cd1,QVDF_alpha1,QVDF_beta1,QVDF_plf2,QVDF_n2,QVDF_s2,QVDF_cp2,QVDF_cd2,QVDF_alpha2,QVDF_beta2,QVDF_plf3,QVDF_n3,QVDF_s3,QVDF_cp3,QVDF_cd3,QVDF_alpha3,QVDF_beta3
link,115-04134,AZ-101-LOOP_COUNTERCLOCKWISE,2,2,,1,1,1,1,1,0.5333333333333333,1,1,1,1,1,1,0.5333333333333333,1,1,1,1,1,1,0.5333333333333333,1
link,115N04134,AZ-101-LOOP_COUNTERCLOCKWISE,2,3,,1,1,1,1,1,0.5333333333333333,1,1,1,1,1,1,0.5333333333333333,1,1,1,1,1,1,0.5333333333333333,1
link,115+05164,AZ-101-LOOP_COUNTERCLOCKWISE,5,5,,1,1,1,1,1,0.5333333333333333,1,1,1,1,1,1,0.5333333333333333,1,1,1,1,1,1,0.5333333333333333,1
link,115-04135,AZ-101-LOOP_COUNTERCLOCKWISE,3,6,,1,1,1,1,1,0.5333333333333333,1,1,1,1,1,1,0.5333333333333333,1,1,1,1,1,1,0.5333333333333333,1
link,115P05164,AZ-101-LOOP_COUNTERCLOCKWISE,5,7,,1,1,1,1,1,0.5333333333333333,1,1,1,1,1,1,0.5333333333333333,1,1,1,1,1,1,0.5333333333333333,1
link,115N04135,AZ-101-LOOP_COUNTERCLOCKWISE,6,8,,1,1,1,1,1,0.5333333333333333,1,1,1,1,1,1,0.5333333333333333,1,1,1,1,1,1,0.5333333333333333,1
link,115+04380,AZ-101-LOOP_COUNTERCLOCKWISE,7,9,,1,1,1,1,1,0.5333333333333333,1,1,1,1,1,1,0.5333333333333333,1,1,1,1,1,1,0.5333333333333333,1
link,115-04136,AZ-101-LOOP_COUNTERCLOCKWISE,8,10,,1,1,1,1,1,0.5333333333333333,1,1,1,1,1,1,0.5333333333333333,1,1,1,1,1,1,0.5333333333333333,1
link,115N04136,AZ-101-LOOP_COUNTERCLOCKWISE,10,11,,1,1,1,1,1,0.5333333333333333,1,1,1,1,1,1,0.5333333333333333,1,1,1,1,1,1,0.5333333333333333,1
link,115P04380,AZ-101-LOOP_COUNTERCLOCKWISE,9,12,,1,1,1,1,1,0.5333333333333333,1,1,1,1,1,1,0.5333333333333333,1,1,1,1,1,1,0.5333333333333333,1
link,115+04379,AZ-101-LOOP_COUNTERCLOCKWISE,12,13,,1,1,1,1,1,0.5333333333333333,1,1,1,1,1,1,0.5333333333333333,1,1,1,1,1,1,0.5333333333333333,1
link,115-04137,AZ-101-LOOP_COUNTERCLOCKWISE,11,14,,1,1,1,1,1,0.5333333333333333,1,1,1,1,1,1,0.5333333333333333,1,1,1,1,1,1,0.5333333333333333,1
link,115N04137,AZ-101-LOOP_COUNTERCLOCKWISE,14,15,,1,1,1,1,1,0.5333333333333333,1,1,1,1,1,1,0.5333333333333333,1,1,1,1,1,1,0.5333333333333333,1
link,115P04379,AZ-101-LOOP_COUNTERCLOCKWISE,13,16,,1,1,1,1,1,0.5333333333333333,1,1,1,1,1,1,0.5333333333333333,1,1,1,1,1,1,0.5333333333333333,1
link,115+04378,AZ-101-LOOP_COUNTERCLOCKWISE,16,17,,1,1,1,1,1,0.5333333333333333,1,1,1,1,1,1,0.5333333333333333,1,1,1,1,1,1,0.5333333333333333,1
link,115-04138,AZ-101-LOOP_COUNTERCLOCKWISE,15,18,,1,1,1,1,1,0.5333333333333333,1,1,1,1,1,1,0.5333333333333333,1,1,1,1,1,1,0.5333333333333333,1
link,115N04138,AZ-101-LOOP_COUNTERCLOCKWISE,18,19,,1,1,1,1,1,0.5333333333333333,1,1,1,1,1,1,0.5333333333333333,1,1,1,1,1,1,0.5333333333333333,1
link,115P04378,AZ-101-LOOP_COUNTERCLOCKWISE,17,20,,1,1,1,1,1,0.5333333333333333,1,1,1,1,1,1,0.5333333333333333,1,1,1,1,1,1,0.5333333333333333,1
link,115+05163,AZ-101-LOOP_COUNTERCLOCKWISE,20,21,,1,1,1,1,1,0.5333333333333333,1,1,1,1,1,1,0.5333333333333333,1,1,1,1,1,1,0.5333333333333333,1
link,115-04139,AZ-101-LOOP_COUNTERCLOCKWISE,19,22,,1,1,1,1,1,0.5333333333333333,1,1,1,1,1,1,0.5333333333333333,1,1,1,1,1,1,0.5333333333333333,1
link,115P05163,AZ-101-LOOP_COUNTERCLOCKWISE,21,23,,1,1,1,1,1,0.5333333333333333,1,1,1,1,1,1,0.5333333333333333,1,1,1,1,1,1,0.5333333333333333,1
link,115N04139,AZ-101-LOOP_COUNTERCLOCKWISE,22,24,,1,1,1,1,1,0.5333333333333333,1,1,1,1,1,1,0.5333333333333333,1,1,1,1,1,1,0.5333333333333333,1
link,115+04377,AZ-101-LOOP_COUNTERCLOCKWISE,23,25,,1,1,1,1,1,0.5333333333333333,1,1,1,1,1,1,0.5333333333333333,1,1,1,1,1,1,0.5333333333333333,1
link,115-04140,AZ-101-LOOP_COUNTERCLOCKWISE,24,26,,1,1,1,1,1,0.5333333333333333,1,1,1,1,1,1,0.5333333333333333,1,1,1,1,1,1,0.5333333333333333,1
link,115N04140,AZ-101-LOOP_COUNTERCLOCKWISE,26,27,,1,1,1,1,1,0.5333333333333333,1,1,1,1,1,1,0.5333333333333333,1,1,1,1,1,1,0.5333333333333333,1
link,115P04377,AZ-101-LOOP_COUNTERCLOCKWISE,25,28,,1,1,1,1,1,0.5333333333333333,1,1,1,1,1,1,0.5333333333333333,1,1,1,1,1,1,0.5333333333333333,1
link,115+04376,AZ-101-LOOP_COUNTERCLOCKWISE,28,29,,1,1,1,1,1,0.5333333333333333,1,1,1,1,1,1,0.5333333333333333,1,1,1,1,1,1,0.5333333333333333,1
link,115-04374,AZ-101-LOOP_COUNTERCLOCKWISE,27,30,,1,1,1,1,1,0.5333333333333333,1,1,1,1,1,1,0.5333333333333333,1,1,1,1,1,1,0.5333333333333333,1
link,115N04374,AZ-101-LOOP_COUNTERCLOCKWISE,30,31,,1,1,1,1,1,0.5333333333333333,1,1,1,1,1,1,0.5333333333333333,1,1,1,1,1,1,0.5333333333333333,1
link,115P04376,AZ-101-LOOP_COUNTERCLOCKWISE,29,32,,1,1,1,1,1,0.5333333333333333,1,1,1,1,1,1,0.5333333333333333,1,1,1,1,1,1,0.5333333333333333,1
link,115+04375,AZ-101-LOOP_COUNTERCLOCKWISE,32,33,,1,1,1,1,1,0.5333333333333333,1,1,1,1,1,1,0.5333333333333333,1,1,1,1,1,1,0.5333333333333333,1
link,115-04375,AZ-101-LOOP_COUNTERCLOCKWISE,31,34,,1,1,1,1,1,0.5333333333333333,1,1,1,1,1,1,0.5333333333333333,1,1,1,1,1,1,0.5333333333333333,1
link,115N04375,AZ-101-LOOP_COUNTERCLOCKWISE,34,35,,1,1,1,1,1,0.5333333333333333,1,1,1,1,1,1,0.5333333333333333,1,1,1,1,1,1,0.5333333333333333,1
link,115P04375,AZ-101-LOOP_COUNTERCLOCKWISE,33,36,,1,1,1,1,1,0.5333333333333333,1,1,1,1,1,1,0.5333333333333333,1,1,1,1,1,1,0.5333333333333333,1
link,115+04374,AZ-101-LOOP_COUNTERCLOCKWISE,36,37,,1,1,1,1,1,0.5333333333333333,1,1,1,1,1,1,0.5333333333333333,1,1,1,1,1,1,0.5333333333333333,1
link,115-04376,AZ-101-LOOP_COUNTERCLOCKWISE,35,38,,1,1,1,1,1,0.5333333333333333,1,1,1,1,1,1,0.5333333333333333,1,1,1,1,1,1,0.5333333333333333,1
link,115N04376,AZ-101-LOOP_COUNTERCLOCKWISE,38,39,,1,1,1,1,1,0.5333333333333333,1,1,1,1,1,1,0.5333333333333333,1,1,1,1,1,1,0.5333333333333333,1
link,115P04374,AZ-101-LOOP_COUNTERCLOCKWISE,37,40,,1,1,1,1,1,0.5333333333333333,1,1,1,1,1,1,0.5333333333333333,1,1,1,1,1,1,0.5333333333333333,1
link,115+04140,AZ-101-LOOP_COUNTERCLOCKWISE,40,41,,1,1,1,1,1,0.5333333333333333,1,1,1,1,1,1,0.5333333333333333,1,1,1,1,1,1,0.5333333333333333,1
link,115-04377,AZ-101-LOOP_COUNTERCLOCKWISE,39,42,,1,1,1,1,1,0.5333333333333333,1,1,1,1,1,1,0.5333333333333333,1,1,1,1,1,1,0.5333333333333333,1
link,115N04377,AZ-101-LOOP_COUNTERCLOCKWISE,42,43,,1,1,1,1,1,0.5333333333333333,1,1,1,1,1,1,0.5333333333333333,1,1,1,1,1,1,0.5333333333333333,1
link,115P04140,AZ-101-LOOP_COUNTERCLOCKWISE,41,44,,1,1,1,1,1,0.5333333333333333,1,1,1,1,1,1,0.5333333333333333,1,1,1,1,1,1,0.5333333333333333,1
link,115+04139,AZ-101-LOOP_COUNTERCLOCKWISE,44,45,,1,1,1,1,1,0.5333333333333333,1,1,1,1,1,1,0.5333333333333333,1,1,1,1,1,1,0.5333333333333333,1
link,115-05163,AZ-101-LOOP_COUNTERCLOCKWISE,43,46,,1,1,1,1,1,0.5333333333333333,1,1,1,1,1,1,0.5333333333333333,1,1,1,1,1,1,0.5333333333333333,1
link,115P04139,AZ-101-LOOP_COUNTERCLOCKWISE,45,47,,1,1,1,1,1,0.5333333333333333,1,1,1,1,1,1,0.5333333333333333,1,1,1,1,1,1,0.5333333333333333,1
link,115N05163,AZ-101-LOOP_COUNTERCLOCKWISE,46,48,,1,1,1,1,1,0.5333333333333333,1,1,1,1,1,1,0.5333333333333333,1,1,1,1,1,1,0.5333333333333333,1
link,115+04138,AZ-101-LOOP_COUNTERCLOCKWISE,47,49,,1,1,1,1,1,0.5333333333333333,1,1,1,1,1,1,0.5333333333333333,1,1,1,1,1,1,0.5333333333333333,1
link,115-04378,AZ-101-LOOP_COUNTERCLOCKWISE,48,50,,1,1,1,1,1,0.5333333333333333,1,1,1,1,1,1,0.5333333333333333,1,1,1,1,1,1,0.5333333333333333,1
link,115N04378,AZ-101-LOOP_COUNTERCLOCKWISE,50,51,,1,1,1,1,1,0.5333333333333333,1,1,1,1,1,1,0.5333333333333333,1,1,1,1,1,1,0.5333333333333333,1
link,115P04138,AZ-101-LOOP_COUNTERCLOCKWISE,49,52,,1,1,1,1,1,0.5333333333333333,1,1,1,1,1,1,0.5333333333333333,1,1,1,1,1,1,0.5333333333333333,1
link,115+04137,AZ-101-LOOP_COUNTERCLOCKWISE,52,53,,1,1,1,1,1,0.5333333333333333,1,1,1,1,1,1,0.5333333333333333,1,1,1,1,1,1,0.5333333333333333,1
link,115-04379,AZ-101-LOOP_COUNTERCLOCKWISE,51,54,,1,1,1,1,1,0.5333333333333333,1,1,1,1,1,1,0.5333333333333333,1,1,1,1,1,1,0.5333333333333333,1
link,115N04379,AZ-101-LOOP_COUNTERCLOCKWISE,54,55,,1,1,1,1,1,0.5333333333333333,1,1,1,1,1,1,0.5333333333333333,1,1,1,1,1,1,0.5333333333333333,1
link,115P04137,AZ-101-LOOP_COUNTERCLOCKWISE,53,56,,1,1,1,1,1,0.5333333333333333,1,1,1,1,1,1,0.5333333333333333,1,1,1,1,1,1,0.5333333333333333,1
link,115+04136,AZ-101-LOOP_COUNTERCLOCKWISE,56,57,,1,1,1,1,1,0.5333333333333333,1,1,1,1,1,1,0.5333333333333333,1,1,1,1,1,1,0.5333333333333333,1
link,115-04380,AZ-101-LOOP_COUNTERCLOCKWISE,55,58,,1,1,1,1,1,0.5333333333333333,1,1,1,1,1,1,0.5333333333333333,1,1,1,1,1,1,0.5333333333333333,1
link,115-04134,AZ-101-LOOP_COUNTERCLOCKWISE,2,2,,1,1,1,1,1,0.5333333333333333,1,1,1,1,1,1,0.5333333333333333,1,1,1,1,1,1,0.5333333333333333,1
link,115-04134,AZ-101-LOOP_COUNTERCLOCKWISE,2,2,,1,1,1,1,1,0.5333333333333333,1,1,1,1,1,1,0.5333333333333333,1,1,1,1,1,1,0.5333333333333333,1
link,115-04134,AZ-101-LOOP_COUNTERCLOCKWISE,2,2,,1,1,1,1,1,0.5333333333333333,1,1,1,1,1,1,0.5333333333333333,1,1,1,1,1,1,0.5333333333333333,1
link,115-04134,AZ-101-LOOP_COUNTERCLOCKWISE,2,2,,1,1,1,1,1,0.5333333333333333,1,1,1,1,1,1,0.5333333333333333,1,1,1,1,1,1,0.5333333333333333,1
link,115-04134,AZ-101-LOOP_COUNTERCLOCKWISE,2,2,,1,1,1,1,1,0.5333333333333333,1,1,1,1,1,1,0.5333333333333333,1,1,1,1,1,1,0.5333333333333333,1
link,115N04380,AZ-101-LOOP_COUNTERCLOCKWISE,58,59,,1,1,1,1,1,0.5333333333333333,1,1,1,1,1,1,0.5333333333333333,1,1,1,1,1,1,0.5333333333333333,1
link,115P04136,AZ-101-LOOP_COUNTERCLOCKWISE,57,60,,1,1,1,1,1,0.5333333333333333,1,1,1,1,1,1,0.5333333333333333,1,1,1,1,1,1,0.5333333333333333,1
link,115N04134,AZ-101-LOOP_COUNTERCLOCKWISE,2,3,,1,1,1,1,1,0.5333333333333333,1,1,1,1,1,1,0.5333333333333333,1,1,1,1,1,1,0.5333333333333333,1
link,115N04134,AZ-101-LOOP_COUNTERCLOCKWISE,2,3,,1,1,1,1,1,0.5333333333333333,1,1,1,1,1,1,0.5333333333333333,1,1,1,1,1,1,0.5333333333333333,1
link,115N04134,AZ-101-LOOP_COUNTERCLOCKWISE,2,3,,1,1,1,1,1,0.5333333333333333,1,1,1,1,1,1,0.5333333333333333,1,1,1,1,1,1,0.5333333333333333,1
link,115N04134,AZ-101-LOOP_COUNTERCLOCKWISE,2,3,,1,1,1,1,1,0.5333333333333333,1,1,1,1,1,1,0.5333333333333333,1,1,1,1,1,1,0.5333333333333333,1
link,115N04134,AZ-101-LOOP_COUNTERCLOCKWISE,2,3,,1,1,1,1,1,0.5333333333333333,1,1,1,1,1,1,0.5333333333333333,1,1,1,1,1,1,0.5333333333333333,1
link,115+04135,AZ-101-LOOP_COUNTERCLOCKWISE,60,61,,1,1,1,1,1,0.5333333333333333,1,1,1,1,1,1,0.5333333333333333,1,1,1,1,1,1,0.5333333333333333,1
link,115-05164,AZ-101-LOOP_COUNTERCLOCKWISE,59,62,,1,1,1,1,1,0.5333333333333333,1,1,1,1,1,1,0.5333333333333333,1,1,1,1,1,1,0.5333333333333333,1
link,115-04373,AZ-101-LOOP_COUNTERCLOCKWISE,64,64,,1,1,1,1,1,0.5333333333333333,1,1,1,1,1,1,0.5333333333333333,1,1,1,1,1,1,0.5333333333333333,1
link,115-04135,AZ-101-LOOP_COUNTERCLOCKWISE,3,6,,1,1,1,1,1,0.5333333333333333,1,1,1,1,1,1,0.5333333333333333,1,1,1,1,1,1,0.5333333333333333,1
link,115-04135,AZ-101-LOOP_COUNTERCLOCKWISE,3,6,,1,1,1,1,1,0.5333333333333333,1,1,1,1,1,1,0.5333333333333333,1,1,1,1,1,1,0.5333333333333333,1
link,115-04135,AZ-101-LOOP_COUNTERCLOCKWISE,3,6,,1,1,1,1,1,0.5333333333333333,1,1,1,1,1,1,0.5333333333333333,1,1,1,1,1,1,0.5333333333333333,1
link,115-04135,AZ-101-LOOP_COUNTERCLOCKWISE,3,6,,1,1,1,1,1,0.5333333333333333,1,1,1,1,1,1,0.5333333333333333,1,1,1,1,1,1,0.5333333333333333,1
link,115-04135,AZ-101-LOOP_COUNTERCLOCKWISE,3,6,,1,1,1,1,1,0.5333333333333333,1,1,1,1,1,1,0.5333333333333333,1,1,1,1,1,1,0.5333333333333333,1
link,115N04373,AZ-101-LOOP_COUNTERCLOCKWISE,64,65,,1,1,1,1,1,0.5333333333333333,1,1,1,1,1,1,0.5333333333333333,1,1,1,1,1,1,0.5333333333333333,1
link,115P04135,AZ-101-LOOP_COUNTERCLOCKWISE,61,66,,1,1,1,1,1,0.5333333333333333,1,1,1,1,1,1,0.5333333333333333,1,1,1,1,1,1,0.5333333333333333,1
link,115N05164,AZ-101-LOOP_COUNTERCLOCKWISE,62,64,,1,1,1,1,1,0.5333333333333333,1,1,1,1,1,1,0.5333333333333333,1,1,1,1,1,1,0.5333333333333333,1
link,115N04135,AZ-101-LOOP_COUNTERCLOCKWISE,6,8,,1,1,1,1,1,0.5333333333333333,1,1,1,1,1,1,0.5333333333333333,1,1,1,1,1,1,0.5333333333333333,1
link,115N04135,AZ-101-LOOP_COUNTERCLOCKWISE,6,8,,1,1,1,1,1,0.5333333333333333,1,1,1,1,1,1,0.5333333333333333,1,1,1,1,1,1,0.5333333333333333,1
link,115N04135,AZ-101-LOOP_COUNTERCLOCKWISE,6,8,,1,1,1,1,1,0.5333333333333333,1,1,1,1,1,1,0.5333333333333333,1,1,1,1,1,1,0.5333333333333333,1
link,115N04135,AZ-101-LOOP_COUNTERCLOCKWISE,6,8,,1,1,1,1,1,0.5333333333333333,1,1,1,1,1,1,0.5333333333333333,1,1,1,1,1,1,0.5333333333333333,1
link,115N04135,AZ-101-LOOP_COUNTERCLOCKWISE,6,8,,1,1,1,1,1,0.5333333333333333,1,1,1,1,1,1,0.5333333333333333,1,1,1,1,1,1,0.5333333333333333,1
link,115+04134,AZ-101-LOOP_COUNTERCLOCKWISE,66,67,,1,1,1,1,1,0.5333333333333333,1,1,1,1,1,1,0.5333333333333333,1,1,1,1,1,1,0.5333333333333333,1
link,115-04372,AZ-101-LOOP_COUNTERCLOCKWISE,65,68,,1,1,1,1,1,0.5333333333333333,1,1,1,1,1,1,0.5333333333333333,1,1,1,1,1,1,0.5333333333333333,1
link,115-04136,AZ-101-LOOP_COUNTERCLOCKWISE,8,10,,1,1,1,1,1,0.5333333333333333,1,1,1,1,1,1,0.5333333333333333,1,1,1,1,1,1,0.5333333333333333,1
link,115-04136,AZ-101-LOOP_COUNTERCLOCKWISE,8,10,,1,1,1,1,1,0.5333333333333333,1,1,1,1,1,1,0.5333333333333333,1,1,1,1,1,1,0.5333333333333333,1
link,115-04136,AZ-101-LOOP_COUNTERCLOCKWISE,8,10,,1,1,1,1,1,0.5333333333333333,1,1,1,1,1,1,0.5333333333333333,1,1,1,1,1,1,0.5333333333333333,1
link,115-04136,AZ-101-LOOP_COUNTERCLOCKWISE,8,10,,1,1,1,1,1,0.5333333333333333,1,1,1,1,1,1,0.5333333333333333,1,1,1,1,1,1,0.5333333333333333,1
link,115-04136,AZ-101-LOOP_COUNTERCLOCKWISE,8,10,,1,1,1,1,1,0.5333333333333333,1,1,1,1,1,1,0.5333333333333333,1,1,1,1,1,1,0.5333333333333333,1
link,115N04372,AZ-101-LOOP_COUNTERCLOCKWISE,68,69,,1,1,1,1,1,0.5333333333333333,1,1,1,1,1,1,0.5333333333333333,1,1,1,1,1,1,0.5333333333333333,1
link,115P04134,AZ-101-LOOP_COUNTERCLOCKWISE,67,70,,1,1,1,1,1,0.5333333333333333,1,1,1,1,1,1,0.5333333333333333,1,1,1,1,1,1,0.5333333333333333,1
link,115N04136,AZ-101-LOOP_COUNTERCLOCKWISE,10,11,,1,1,1,1,1,0.5333333333333333,1,1,1,1,1,1,0.5333333333333333,1,1,1,1,1,1,0.5333333333333333,1
link,115N04136,AZ-101-LOOP_COUNTERCLOCKWISE,10,11,,1,1,1,1,1,0.5333333333333333,1,1,1,1,1,1,0.5333333333333333,1,1,1,1,1,1,0.5333333333333333,1
link,115N04136,AZ-101-LOOP_COUNTERCLOCKWISE,10,11,,1,1,1,1,1,0.5333333333333333,1,1,1,1,1,1,0.5333333333333333,1,1,1,1,1,1,0.5333333333333333,1
link,115N04136,AZ-101-LOOP_COUNTERCLOCKWISE,10,11,,1,1,1,1,1,0.5333333333333333,1,1,1,1,1,1,0.5333333333333333,1,1,1,1,1,1,0.5333333333333333,1
link,115N04136,AZ-101-LOOP_COUNTERCLOCKWISE,10,11,,1,1,1,1,1,0.5333333333333333,1,1,1,1,1,1,0.5333333333333333,1,1,1,1,1,1,0.5333333333333333,1
link,115-04137,AZ-101-LOOP_COUNTERCLOCKWISE,11,14,,1,1,1,1,1,0.5333333333333333,1,1,1,1,1,1,0.5333333333333333,1,1,1,1,1,1,0.5333333333333333,1
link,115-04137,AZ-101-LOOP_COUNTERCLOCKWISE,11,14,,1,1,1,1,1,0.5333333333333333,1,1,1,1,1,1,0.5333333333333333,1,1,1,1,1,1,0.5333333333333333,1
link,115-04137,AZ-101-LOOP_COUNTERCLOCKWISE,11,14,,1,1,1,1,1,0.5333333333333333,1,1,1,1,1,1,0.5333333333333333,1,1,1,1,1,1,0.5333333333333333,1
link,115-04137,AZ-101-LOOP_COUNTERCLOCKWISE,11,14,,1,1,1,1,1,0.5333333333333333,1,1,1,1,1,1,0.5333333333333333,1,1,1,1,1,1,0.5333333333333333,1
link,115-04137,AZ-101-LOOP_COUNTERCLOCKWISE,11,14,,1,1,1,1,1,0.5333333333333333,1,1,1,1,1,1,0.5333333333333333,1,1,1,1,1,1,0.5333333333333333,1
link,115N04137,AZ-101-LOOP_COUNTERCLOCKWISE,14,15,,1,1,1,1,1,0.5333333333333333,1,1,1,1,1,1,0.5333333333333333,1,1,1,1,1,1,0.5333333333333333,1
link,115N04137,AZ-101-LOOP_COUNTERCLOCKWISE,14,15,,1,1,1,1,1,0.5333333333333333,1,1,1,1,1,1,0.5333333333333333,1,1,1,1,1,1,0.5333333333333333,1
link,115N04137,AZ-101-LOOP_COUNTERCLOCKWISE,14,15,,1,1,1,1,1,0.5333333333333333,1,1,1,1,1,1,0.5333333333333333,1,1,1,1,1,1,0.5333333333333333,1
link,115N04137,AZ-101-LOOP_COUNTERCLOCKWISE,14,15,,1,1,1,1,1,0.5333333333333333,1,1,1,1,1,1,0.5333333333333333,1,1,1,1,1,1,0.5333333333333333,1
link,115N04137,AZ-101-LOOP_COUNTERCLOCKWISE,14,15,,1,1,1,1,1,0.5333333333333333,1,1,1,1,1,1,0.5333333333333333,1,1,1,1,1,1,0.5333333333333333,1
link,115-04138,AZ-101-LOOP_COUNTERCLOCKWISE,15,18,,1,1,1,1,1,0.5333333333333333,1,1,1,1,1,1,0.5333333333333333,1,1,1,1,1,1,0.5333333333333333,1
link,115-04138,AZ-101-LOOP_COUNTERCLOCKWISE,15,18,,1,1,1,1,1,0.5333333333333333,1,1,1,1,1,1,0.5333333333333333,1,1,1,1,1,1,0.5333333333333333,1
link,115-04138,AZ-101-LOOP_COUNTERCLOCKWISE,15,18,,1,1,1,1,1,0.5333333333333333,1,1,1,1,1,1,0.5333333333333333,1,1,1,1,1,1,0.5333333333333333,1
link,115-04138,AZ-101-LOOP_COUNTERCLOCKWISE,15,18,,1,1,1,1,1,0.5333333333333333,1,1,1,1,1,1,0.5333333333333333,1,1,1,1,1,1,0.5333333333333333,1
link,115-04138,AZ-101-LOOP_COUNTERCLOCKWISE,15,18,,1,1,1,1,1,0.5333333333333333,1,1,1,1,1,1,0.5333333333333333,1,1,1,1,1,1,0.5333333333333333,1
link,115N04138,AZ-101-LOOP_COUNTERCLOCKWISE,18,19,,1,1,1,1,1,0.5333333333333333,1,1,1,1,1,1,0.5333333333333333,1,1,1,1,1,1,0.5333333333333333,1
link,115N04138,AZ-101-LOOP_COUNTERCLOCKWISE,18,19,,1,1,1,1,1,0.5333333333333333,1,1,1,1,1,1,0.5333333333333333,1,1,1,1,1,1,0.5333333333333333,1
link,115N04138,AZ-101-LOOP_COUNTERCLOCKWISE,18,19,,1,1,1,1,1,0.5333333333333333,1,1,1,1,1,1,0.5333333333333333,1,1,1,1,1,1,0.5333333333333333,1
link,115N04138,AZ-101-LOOP_COUNTERCLOCKWISE,18,19,,1,1,1,1,1,0.5333333333333333,1,1,1,1,1,1,0.5333333333333333,1,1,1,1,1,1,0.5333333333333333,1
link,115N04138,AZ-101-LOOP_COUNTERCLOCKWISE,18,19,,1,1,1,1,1,0.5333333333333333,1,1,1,1,1,1,0.5333333333333333,1,1,1,1,1,1,0.5333333333333333,1
link,115-04139,AZ-101-LOOP_COUNTERCLOCKWISE,19,22,,1,1,1,1,1,0.5333333333333333,1,1,1,1,1,1,0.5333333333333333,1,1,1,1,1,1,0.5333333333333333,1
link,115-04139,AZ-101-LOOP_COUNTERCLOCKWISE,19,22,,1,1,1,1,1,0.5333333333333333,1,1,1,1,1,1,0.5333333333333333,1,1,1,1,1,1,0.5333333333333333,1
link,115-04139,AZ-101-LOOP_COUNTERCLOCKWISE,19,22,,1,1,1,1,1,0.5333333333333333,1,1,1,1,1,1,0.5333333333333333,1,1,1,1,1,1,0.5333333333333333,1
link,115-04139,AZ-101-LOOP_COUNTERCLOCKWISE,19,22,,1,1,1,1,1,0.5333333333333333,1,1,1,1,1,1,0.5333333333333333,1,1,1,1,1,1,0.5333333333333333,1
link,115-04139,AZ-101-LOOP_COUNTERCLOCKWISE,19,22,,1,1,1,1,1,0.5333333333333333,1,1,1,1,1,1,0.5333333333333333,1,1,1,1,1,1,0.5333333333333333,1
link,115N04139,AZ-101-LOOP_COUNTERCLOCKWISE,22,24,,1,1,1,1,1,0.5333333333333333,1,1,1,1,1,1,0.5333333333333333,1,1,1,1,1,1,0.5333333333333333,1
link,115N04139,AZ-101-LOOP_COUNTERCLOCKWISE,22,24,,1,1,1,1,1,0.5333333333333333,1,1,1,1,1,1,0.5333333333333333,1,1,1,1,1,1,0.5333333333333333,1
link,115N04139,AZ-101-LOOP_COUNTERCLOCKWISE,22,24,,1,1,1,1,1,0.5333333333333333,1,1,1,1,1,1,0.5333333333333333,1,1,1,1,1,1,0.5333333333333333,1
link,115N04139,AZ-101-LOOP_COUNTERCLOCKWISE,22,24,,1,1,1,1,1,0.5333333333333333,1,1,1,1,1,1,0.5333333333333333,1,1,1,1,1,1,0.5333333333333333,1
link,115N04139,AZ-101-LOOP_COUNTERCLOCKWISE,22,24,,1,1,1,1,1,0.5333333333333333,1,1,1,1,1,1,0.5333333333333333,1,1,1,1,1,1,0.5333333333333333,1
link,115-04140,AZ-101-LOOP_COUNTERCLOCKWISE,24,26,,1,1,1,1,1,0.5333333333333333,1,1,1,1,1,1,0.5333333333333333,1,1,1,1,1,1,0.5333333333333333,1
link,115-04140,AZ-101-LOOP_COUNTERCLOCKWISE,24,26,,1,1,1,1,1,0.5333333333333333,1,1,1,1,1,1,0.5333333333333333,1,1,1,1,1,1,0.5333333333333333,1
link,115-04140,AZ-101-LOOP_COUNTERCLOCKWISE,24,26,,1,1,1,1,1,0.5333333333333333,1,1,1,1,1,1,0.5333333333333333,1,1,1,1,1,1,0.5333333333333333,1
link,115-04140,AZ-101-LOOP_COUNTERCLOCKWISE,24,26,,1,1,1,1,1,0.5333333333333333,1,1,1,1,1,1,0.5333333333333333,1,1,1,1,1,1,0.5333333333333333,1
link,115-04140,AZ-101-LOOP_COUNTERCLOCKWISE,24,26,,1,1,1,1,1,0.5333333333333333,1,1,1,1,1,1,0.5333333333333333,1,1,1,1,1,1,0.5333333333333333,1
link,115N04140,AZ-101-LOOP_COUNTERCLOCKWISE,26,27,,1,1,1,1,1,0.5333333333333333,1,1,1,1,1,1,0.5333333333333333,1,1,1,1,1,1,0.5333333333333333,1
link,115N04140,AZ-101-LOOP_COUNTERCLOCKWISE,26,27,,1,1,1,1,1,0.5333333333333333,1,1,1,1,1,1,0.5333333333333333,1,1,1,1,1,1,0.5333333333333333,1
link,115N04140,AZ-101-LOOP_COUNTERCLOCKWISE,26,27,,1,1,1,1,1,0.5333333333333333,1,1,1,1,1,1,0.5333333333333333,1,1,1,1,1,1,0.5333333333333333,1
link,115N04140,AZ-101-LOOP_COUNTERCLOCKWISE,26,27,,1,1,1,1,1,0.5333333333333333,1,1,1,1,1,1,0.5333333333333333,1,1,1,1,1,1,0.5333333333333333,1
link,115N04140,AZ-101-LOOP_COUNTERCLOCKWISE,26,27,,1,1,1,1,1,0.5333333333333333,1,1,1,1,1,1,0.5333333333333333,1,1,1,1,1,1,0.5333333333333333,1
link,115-04374,AZ-101-LOOP_COUNTERCLOCKWISE,27,30,,1,1,1,1,1,0.5333333333333333,1,1,1,1,1,1,0.5333333333333333,1,1,1,1,1,1,0.5333333333333333,1
link,115-04374,AZ-101-LOOP_COUNTERCLOCKWISE,27,30,,1,1,1,1,1,0.5333333333333333,1,1,1,1,1,1,0.5333333333333333,1,1,1,1,1,1,0.5333333333333333,1
link,115-04374,AZ-101-LOOP_COUNTERCLOCKWISE,27,30,,1,1,1,1,1,0.5333333333333333,1,1,1,1,1,1,0.5333333333333333,1,1,1,1,1,1,0.5333333333333333,1
link,115-04374,AZ-101-LOOP_COUNTERCLOCKWISE,27,30,,1,1,1,1,1,0.5333333333333333,1,1,1,1,1,1,0.5333333333333333,1,1,1,1,1,1,0.5333333333333333,1
link,115-04374,AZ-101-LOOP_COUNTERCLOCKWISE,27,30,,1,1,1,1,1,0.5333333333333333,1,1,1,1,1,1,0.5333333333333333,1,1,1,1,1,1,0.5333333333333333,1
link,115N04374,AZ-101-LOOP_COUNTERCLOCKWISE,30,31,,1,1,1,1,1,0.5333333333333333,1,1,1,1,1,1,0.5333333333333333,1,1,1,1,1,1,0.5333333333333333,1
link,115N04374,AZ-101-LOOP_COUNTERCLOCKWISE,30,31,,1,1,1,1,1,0.5333333333333333,1,1,1,1,1,1,0.5333333333333333,1,1,1,1,1,1,0.5333333333333333,1
link,115N04374,AZ-101-LOOP_COUNTERCLOCKWISE,30,31,,1,1,1,1,1,0.5333333333333333,1,1,1,1,1,1,0.5333333333333333,1,1,1,1,1,1,0.5333333333333333,1
link,115N04374,AZ-101-LOOP_COUNTERCLOCKWISE,30,31,,1,1,1,1,1,0.5333333333333333,1,1,1,1,1,1,0.5333333333333333,1,1,1,1,1,1,0.5333333333333333,1
link,115N04374,AZ-101-LOOP_COUNTERCLOCKWISE,30,31,,1,1,1,1,1,0.5333333333333333,1,1,1,1,1,1,0.5333333333333333,1,1,1,1,1,1,0.5333333333333333,1
link,115-04375,AZ-101-LOOP_COUNTERCLOCKWISE,31,34,,1,1,1,1,1,0.5333333333333333,1,1,1,1,1,1,0.5333333333333333,1,1,1,1,1,1,0.5333333333333333,1
link,115-04375,AZ-101-LOOP_COUNTERCLOCKWISE,31,34,,1,1,1,1,1,0.5333333333333333,1,1,1,1,1,1,0.5333333333333333,1,1,1,1,1,1,0.5333333333333333,1
link,115-04375,AZ-101-LOOP_COUNTERCLOCKWISE,31,34,,1,1,1,1,1,0.5333333333333333,1,1,1,1,1,1,0.5333333333333333,1,1,1,1,1,1,0.5333333333333333,1
link,115-04375,AZ-101-LOOP_COUNTERCLOCKWISE,31,34,,1,1,1,1,1,0.5333333333333333,1,1,1,1,1,1,0.5333333333333333,1,1,1,1,1,1,0.5333333333333333,1
link,115-04375,AZ-101-LOOP_COUNTERCLOCKWISE,31,34,,1,1,1,1,1,0.5333333333333333,1,1,1,1,1,1,0.5333333333333333,1,1,1,1,1,1,0.5333333333333333,1
link,115N04375,AZ-101-LOOP_COUNTERCLOCKWISE,34,35,,1,1,1,1,1,0.5333333333333333,1,1,1,1,1,1,0.5333333333333333,1,1,1,1,1,1,0.5333333333333333,1
link,115N04375,AZ-101-LOOP_COUNTERCLOCKWISE,34,35,,1,1,1,1,1,0.5333333333333333,1,1,1,1,1,1,0.5333333333333333,1,1,1,1,1,1,0.5333333333333333,1
link,115N04375,AZ-101-LOOP_COUNTERCLOCKWISE,34,35,,1,1,1,1,1,0.5333333333333333,1,1,1,1,1,1,0.5333333333333333,1,1,1,1,1,1,0.5333333333333333,1
link,115N04375,AZ-101-LOOP_COUNTERCLOCKWISE,34,35,,1,1,1,1,1,0.5333333333333333,1,1,1,1,1,1,0.5333333333333333,1,1,1,1,1,1,0.5333333333333333,1
link,115N04375,AZ-101-LOOP_COUNTERCLOCKWISE,34,35,,1,1,1,1,1,0.5333333333333333,1,1,1,1,1,1,0.5333333333333333,1,1,1,1,1,1,0.5333333333333333,1
link,115-04376,AZ-101-LOOP_COUNTERCLOCKWISE,35,38,,1,1,1,1,1,0.5333333333333333,1,1,1,1,1,1,0.5333333333333333,1,1,1,1,1,1,0.5333333333333333,1
link,115-04376,AZ-101-LOOP_COUNTERCLOCKWISE,35,38,,1,1,1,1,1,0.5333333333333333,1,1,1,1,1,1,0.5333333333333333,1,1,1,1,1,1,0.5333333333333333,1
link,115-04376,AZ-101-LOOP_COUNTERCLOCKWISE,35,38,,1,1,1,1,1,0.5333333333333333,1,1,1,1,1,1,0.5333333333333333,1,1,1,1,1,1,0.5333333333333333,1
link,115-04376,AZ-101-LOOP_COUNTERCLOCKWISE,35,38,,1,1,1,1,1,0.5333333333333333,1,1,1,1,1,1,0.5333333333333333,1,1,1,1,1,1,0.5333333333333333,1
link,115-04376,AZ-101-LOOP_COUNTERCLOCKWISE,35,38,,1,1,1,1,1,0.5333333333333333,1,1,1,1,1,1,0.5333333333333333,1,1,1,1,1,1,0.5333333333333333,1
link,115N04376,AZ-101-LOOP_COUNTERCLOCKWISE,38,39,,1,1,1,1,1,0.5333333333333333,1,1,1,1,1,1,0.5333333333333333,1,1,1,1,1,1,0.5333333333333333,1
link,115+04372,AZ-101-LOOP_COUNTERCLOCKWISE,72,72,,1,1,1,1,1,0.5333333333333333,1,1,1,1,1,1,0.5333333333333333,1,1,1,1,1,1,0.5333333333333333,1
link,115N04376,AZ-101-LOOP_COUNTERCLOCKWISE,38,39,,1,1,1,1,1,0.5333333333333333,1,1,1,1,1,1,0.5333333333333333,1,1,1,1,1,1,0.5333333333333333,1
link,115+04372,AZ-101-LOOP_COUNTERCLOCKWISE,72,72,,1,1,1,1,1,0.5333333333333333,1,1,1,1,1,1,0.5333333333333333,1,1,1,1,1,1,0.5333333333333333,1
link,115N04376,AZ-101-LOOP_COUNTERCLOCKWISE,38,39,,1,1,1,1,1,0.5333333333333333,1,1,1,1,1,1,0.5333333333333333,1,1,1,1,1,1,0.5333333333333333,1
link,115+04372,AZ-101-LOOP_COUNTERCLOCKWISE,72,73,,1,1,1,1,1,0.5333333333333333,1,1,1,1,1,1,0.5333333333333333,1,1,1,1,1,1,0.5333333333333333,1
link,115N04376,AZ-101-LOOP_COUNTERCLOCKWISE,38,39,,1,1,1,1,1,0.5333333333333333,1,1,1,1,1,1,0.5333333333333333,1,1,1,1,1,1,0.5333333333333333,1
link,115+04372,AZ-101-LOOP_COUNTERCLOCKWISE,72,73,,1,1,1,1,1,0.5333333333333333,1,1,1,1,1,1,0.5333333333333333,1,1,1,1,1,1,0.5333333333333333,1
link,115N04376,AZ-101-LOOP_COUNTERCLOCKWISE,38,39,,1,1,1,1,1,0.5333333333333333,1,1,1,1,1,1,0.5333333333333333,1,1,1,1,1,1,0.5333333333333333,1
link,115+04372,AZ-101-LOOP_COUNTERCLOCKWISE,72,73,,1,1,1,1,1,0.5333333333333333,1,1,1,1,1,1,0.5333333333333333,1,1,1,1,1,1,0.5333333333333333,1
link,115P04372,AZ-101-LOOP_COUNTERCLOCKWISE,72,74,,1,1,1,1,1,0.5333333333333333,1,1,1,1,1,1,0.5333333333333333,1,1,1,1,1,1,0.5333333333333333,1
link,115-04377,AZ-101-LOOP_COUNTERCLOCKWISE,39,42,,1,1,1,1,1,0.5333333333333333,1,1,1,1,1,1,0.5333333333333333,1,1,1,1,1,1,0.5333333333333333,1
link,115P04372,AZ-101-LOOP_COUNTERCLOCKWISE,72,74,,1,1,1,1,1,0.5333333333333333,1,1,1,1,1,1,0.5333333333333333,1,1,1,1,1,1,0.5333333333333333,1
link,115-04377,AZ-101-LOOP_COUNTERCLOCKWISE,39,42,,1,1,1,1,1,0.5333333333333333,1,1,1,1,1,1,0.5333333333333333,1,1,1,1,1,1,0.5333333333333333,1
link,115P04372,AZ-101-LOOP_COUNTERCLOCKWISE,72,74,,1,1,1,1,1,0.5333333333333333,1,1,1,1,1,1,0.5333333333333333,1,1,1,1,1,1,0.5333333333333333,1
link,115-04377,AZ-101-LOOP_COUNTERCLOCKWISE,39,42,,1,1,1,1,1,0.5333333333333333,1,1,1,1,1,1,0.5333333333333333,1,1,1,1,1,1,0.5333333333333333,1
link,115P04372,AZ-101-LOOP_COUNTERCLOCKWISE,72,74,,1,1,1,1,1,0.5333333333333333,1,1,1,1,1,1,0.5333333333333333,1,1,1,1,1,1,0.5333333333333333,1
link,115-04377,AZ-101-LOOP_COUNTERCLOCKWISE,39,42,,1,1,1,1,1,0.5333333333333333,1,1,1,1,1,1,0.5333333333333333,1,1,1,1,1,1,0.5333333333333333,1
link,115P04372,AZ-101-LOOP_COUNTERCLOCKWISE,72,74,,1,1,1,1,1,0.5333333333333333,1,1,1,1,1,1,0.5333333333333333,1,1,1,1,1,1,0.5333333333333333,1
link,115-04377,AZ-101-LOOP_COUNTERCLOCKWISE,39,42,,1,1,1,1,1,0.5333333333333333,1,1,1,1,1,1,0.5333333333333333,1,1,1,1,1,1,0.5333333333333333,1
link,115+04372,AZ-101-LOOP_COUNTERCLOCKWISE,72,72,,1,1,1,1,1,0.5333333333333333,1,1,1,1,1,1,0.5333333333333333,1,1,1,1,1,1,0.5333333333333333,1
link,115N04377,AZ-101-LOOP_COUNTERCLOCKWISE,42,43,,1,1,1,1,1,0.5333333333333333,1,1,1,1,1,1,0.5333333333333333,1,1,1,1,1,1,0.5333333333333333,1
link,115+04373,AZ-101-LOOP_COUNTERCLOCKWISE,74,75,,1,1,1,1,1,0.5333333333333333,1,1,1,1,1,1,0.5333333333333333,1,1,1,1,1,1,0.5333333333333333,1
link,115N04377,AZ-101-LOOP_COUNTERCLOCKWISE,42,43,,1,1,1,1,1,0.5333333333333333,1,1,1,1,1,1,0.5333333333333333,1,1,1,1,1,1,0.5333333333333333,1
link,115+04373,AZ-101-LOOP_COUNTERCLOCKWISE,74,75,,1,1,1,1,1,0.5333333333333333,1,1,1,1,1,1,0.5333333333333333,1,1,1,1,1,1,0.5333333333333333,1
link,115N04377,AZ-101-LOOP_COUNTERCLOCKWISE,42,43,,1,1,1,1,1,0.5333333333333333,1,1,1,1,1,1,0.5333333333333333,1,1,1,1,1,1,0.5333333333333333,1
link,115+04373,AZ-101-LOOP_COUNTERCLOCKWISE,74,75,,1,1,1,1,1,0.5333333333333333,1,1,1,1,1,1,0.5333333333333333,1,1,1,1,1,1,0.5333333333333333,1
link,115N04377,AZ-101-LOOP_COUNTERCLOCKWISE,42,43,,1,1,1,1,1,0.5333333333333333,1,1,1,1,1,1,0.5333333333333333,1,1,1,1,1,1,0.5333333333333333,1
link,115+04373,AZ-101-LOOP_COUNTERCLOCKWISE,74,75,,1,1,1,1,1,0.5333333333333333,1,1,1,1,1,1,0.5333333333333333,1,1,1,1,1,1,0.5333333333333333,1
link,115N04377,AZ-101-LOOP_COUNTERCLOCKWISE,42,43,,1,1,1,1,1,0.5333333333333333,1,1,1,1,1,1,0.5333333333333333,1,1,1,1,1,1,0.5333333333333333,1
link,115+04373,AZ-101-LOOP_COUNTERCLOCKWISE,74,75,,1,1,1,1,1,0.5333333333333333,1,1,1,1,1,1,0.5333333333333333,1,1,1,1,1,1,0.5333333333333333,1
link,115P04372,AZ-101-LOOP_COUNTERCLOCKWISE,72,74,,1,1,1,1,1,0.5333333333333333,1,1,1,1,1,1,0.5333333333333333,1,1,1,1,1,1,0.5333333333333333,1
link,115-05163,AZ-101-LOOP_COUNTERCLOCKWISE,43,46,,1,1,1,1,1,0.5333333333333333,1,1,1,1,1,1,0.5333333333333333,1,1,1,1,1,1,0.5333333333333333,1
link,115P04373,AZ-101-LOOP_COUNTERCLOCKWISE,75,5,,1,1,1,1,1,0.5333333333333333,1,1,1,1,1,1,0.5333333333333333,1,1,1,1,1,1,0.5333333333333333,1
link,115-05163,AZ-101-LOOP_COUNTERCLOCKWISE,43,46,,1,1,1,1,1,0.5333333333333333,1,1,1,1,1,1,0.5333333333333333,1,1,1,1,1,1,0.5333333333333333,1
link,115P04373,AZ-101-LOOP_COUNTERCLOCKWISE,75,5,,1,1,1,1,1,0.5333333333333333,1,1,1,1,1,1,0.5333333333333333,1,1,1,1,1,1,0.5333333333333333,1
link,115-05163,AZ-101-LOOP_COUNTERCLOCKWISE,43,46,,1,1,1,1,1,0.5333333333333333,1,1,1,1,1,1,0.5333333333333333,1,1,1,1,1,1,0.5333333333333333,1
link,115P04373,AZ-101-LOOP_COUNTERCLOCKWISE,75,76,,1,1,1,1,1,0.5333333333333333,1,1,1,1,1,1,0.5333333333333333,1,1,1,1,1,1,0.5333333333333333,1
link,115-05163,AZ-101-LOOP_COUNTERCLOCKWISE,43,46,,1,1,1,1,1,0.5333333333333333,1,1,1,1,1,1,0.5333333333333333,1,1,1,1,1,1,0.5333333333333333,1
link,115P04373,AZ-101-LOOP_COUNTERCLOCKWISE,75,76,,1,1,1,1,1,0.5333333333333333,1,1,1,1,1,1,0.5333333333333333,1,1,1,1,1,1,0.5333333333333333,1
link,115-05163,AZ-101-LOOP_COUNTERCLOCKWISE,43,46,,1,1,1,1,1,0.5333333333333333,1,1,1,1,1,1,0.5333333333333333,1,1,1,1,1,1,0.5333333333333333,1
link,115P04373,AZ-101-LOOP_COUNTERCLOCKWISE,75,76,,1,1,1,1,1,0.5333333333333333,1,1,1,1,1,1,0.5333333333333333,1,1,1,1,1,1,0.5333333333333333,1
link,115+04373,AZ-101-LOOP_COUNTERCLOCKWISE,74,75,,1,1,1,1,1,0.5333333333333333,1,1,1,1,1,1,0.5333333333333333,1,1,1,1,1,1,0.5333333333333333,1
link,115N05163,AZ-101-LOOP_COUNTERCLOCKWISE,46,48,,1,1,1,1,1,0.5333333333333333,1,1,1,1,1,1,0.5333333333333333,1,1,1,1,1,1,0.5333333333333333,1
link,115+05164,AZ-101-LOOP_COUNTERCLOCKWISE,5,5,,1,1,1,1,1,0.5333333333333333,1,1,1,1,1,1,0.5333333333333333,1,1,1,1,1,1,0.5333333333333333,1
link,115N05163,AZ-101-LOOP_COUNTERCLOCKWISE,46,48,,1,1,1,1,1,0.5333333333333333,1,1,1,1,1,1,0.5333333333333333,1,1,1,1,1,1,0.5333333333333333,1
link,115+05164,AZ-101-LOOP_COUNTERCLOCKWISE,5,5,,1,1,1,1,1,0.5333333333333333,1,1,1,1,1,1,0.5333333333333333,1,1,1,1,1,1,0.5333333333333333,1
link,115N05163,AZ-101-LOOP_COUNTERCLOCKWISE,46,48,,1,1,1,1,1,0.5333333333333333,1,1,1,1,1,1,0.5333333333333333,1,1,1,1,1,1,0.5333333333333333,1
link,115+05164,AZ-101-LOOP_COUNTERCLOCKWISE,5,5,,1,1,1,1,1,0.5333333333333333,1,1,1,1,1,1,0.5333333333333333,1,1,1,1,1,1,0.5333333333333333,1
link,115N05163,AZ-101-LOOP_COUNTERCLOCKWISE,46,48,,1,1,1,1,1,0.5333333333333333,1,1,1,1,1,1,0.5333333333333333,1,1,1,1,1,1,0.5333333333333333,1
link,115+05164,AZ-101-LOOP_COUNTERCLOCKWISE,5,5,,1,1,1,1,1,0.5333333333333333,1,1,1,1,1,1,0.5333333333333333,1,1,1,1,1,1,0.5333333333333333,1
link,115N05163,AZ-101-LOOP_COUNTERCLOCKWISE,46,48,,1,1,1,1,1,0.5333333333333333,1,1,1,1,1,1,0.5333333333333333,1,1,1,1,1,1,0.5333333333333333,1
link,115+05164,AZ-101-LOOP_COUNTERCLOCKWISE,5,5,,1,1,1,1,1,0.5333333333333333,1,1,1,1,1,1,0.5333333333333333,1,1,1,1,1,1,0.5333333333333333,1
link,115P04373,AZ-101-LOOP_COUNTERCLOCKWISE,75,5,,1,1,1,1,1,0.5333333333333333,1,1,1,1,1,1,0.5333333333333333,1,1,1,1,1,1,0.5333333333333333,1
link,115P05164,AZ-101-LOOP_COUNTERCLOCKWISE,5,7,,1,1,1,1,1,0.5333333333333333,1,1,1,1,1,1,0.5333333333333333,1,1,1,1,1,1,0.5333333333333333,1
link,115-04378,AZ-101-LOOP_COUNTERCLOCKWISE,48,50,,1,1,1,1,1,0.5333333333333333,1,1,1,1,1,1,0.5333333333333333,1,1,1,1,1,1,0.5333333333333333,1
link,115P05164,AZ-101-LOOP_COUNTERCLOCKWISE,5,7,,1,1,1,1,1,0.5333333333333333,1,1,1,1,1,1,0.5333333333333333,1,1,1,1,1,1,0.5333333333333333,1
link,115-04378,AZ-101-LOOP_COUNTERCLOCKWISE,48,50,,1,1,1,1,1,0.5333333333333333,1,1,1,1,1,1,0.5333333333333333,1,1,1,1,1,1,0.5333333333333333,1
link,115P05164,AZ-101-LOOP_COUNTERCLOCKWISE,5,77,,1,1,1,1,1,0.5333333333333333,1,1,1,1,1,1,0.5333333333333333,1,1,1,1,1,1,0.5333333333333333,1
link,115-04378,AZ-101-LOOP_COUNTERCLOCKWISE,48,50,,1,1,1,1,1,0.5333333333333333,1,1,1,1,1,1,0.5333333333333333,1,1,1,1,1,1,0.5333333333333333,1
link,115P05164,AZ-101-LOOP_COUNTERCLOCKWISE,5,77,,1,1,1,1,1,0.5333333333333333,1,1,1,1,1,1,0.5333333333333333,1,1,1,1,1,1,0.5333333333333333,1
link,115-04378,AZ-101-LOOP_COUNTERCLOCKWISE,48,50,,1,1,1,1,1,0.5333333333333333,1,1,1,1,1,1,0.5333333333333333,1,1,1,1,1,1,0.5333333333333333,1
link,115P05164,AZ-101-LOOP_COUNTERCLOCKWISE,5,77,,1,1,1,1,1,0.5333333333333333,1,1,1,1,1,1,0.5333333333333333,1,1,1,1,1,1,0.5333333333333333,1
link,115-04378,AZ-101-LOOP_COUNTERCLOCKWISE,48,50,,1,1,1,1,1,0.5333333333333333,1,1,1,1,1,1,0.5333333333333333,1,1,1,1,1,1,0.5333333333333333,1
link,115+04380,AZ-101-LOOP_COUNTERCLOCKWISE,7,9,,1,1,1,1,1,0.5333333333333333,1,1,1,1,1,1,0.5333333333333333,1,1,1,1,1,1,0.5333333333333333,1
link,115N04378,AZ-101-LOOP_COUNTERCLOCKWISE,50,51,,1,1,1,1,1,0.5333333333333333,1,1,1,1,1,1,0.5333333333333333,1,1,1,1,1,1,0.5333333333333333,1
link,115+04380,AZ-101-LOOP_COUNTERCLOCKWISE,7,9,,1,1,1,1,1,0.5333333333333333,1,1,1,1,1,1,0.5333333333333333,1,1,1,1,1,1,0.5333333333333333,1
link,115N04378,AZ-101-LOOP_COUNTERCLOCKWISE,50,51,,1,1,1,1,1,0.5333333333333333,1,1,1,1,1,1,0.5333333333333333,1,1,1,1,1,1,0.5333333333333333,1
link,115+04380,AZ-101-LOOP_COUNTERCLOCKWISE,7,9,,1,1,1,1,1,0.5333333333333333,1,1,1,1,1,1,0.5333333333333333,1,1,1,1,1,1,0.5333333333333333,1
link,115N04378,AZ-101-LOOP_COUNTERCLOCKWISE,50,51,,1,1,1,1,1,0.5333333333333333,1,1,1,1,1,1,0.5333333333333333,1,1,1,1,1,1,0.5333333333333333,1
link,115+04380,AZ-101-LOOP_COUNTERCLOCKWISE,7,9,,1,1,1,1,1,0.5333333333333333,1,1,1,1,1,1,0.5333333333333333,1,1,1,1,1,1,0.5333333333333333,1
link,115N04378,AZ-101-LOOP_COUNTERCLOCKWISE,50,51,,1,1,1,1,1,0.5333333333333333,1,1,1,1,1,1,0.5333333333333333,1,1,1,1,1,1,0.5333333333333333,1
link,115+04380,AZ-101-LOOP_COUNTERCLOCKWISE,7,9,,1,1,1,1,1,0.5333333333333333,1,1,1,1,1,1,0.5333333333333333,1,1,1,1,1,1,0.5333333333333333,1
link,115N04378,AZ-101-LOOP_COUNTERCLOCKWISE,50,51,,1,1,1,1,1,0.5333333333333333,1,1,1,1,1,1,0.5333333333333333,1,1,1,1,1,1,0.5333333333333333,1
link,115P04380,AZ-101-LOOP_COUNTERCLOCKWISE,9,12,,1,1,1,1,1,0.5333333333333333,1,1,1,1,1,1,0.5333333333333333,1,1,1,1,1,1,0.5333333333333333,1
link,115-04379,AZ-101-LOOP_COUNTERCLOCKWISE,51,54,,1,1,1,1,1,0.5333333333333333,1,1,1,1,1,1,0.5333333333333333,1,1,1,1,1,1,0.5333333333333333,1
link,115P04380,AZ-101-LOOP_COUNTERCLOCKWISE,9,12,,1,1,1,1,1,0.5333333333333333,1,1,1,1,1,1,0.5333333333333333,1,1,1,1,1,1,0.5333333333333333,1
link,115-04379,AZ-101-LOOP_COUNTERCLOCKWISE,51,54,,1,1,1,1,1,0.5333333333333333,1,1,1,1,1,1,0.5333333333333333,1,1,1,1,1,1,0.5333333333333333,1
link,115P04380,AZ-101-LOOP_COUNTERCLOCKWISE,9,12,,1,1,1,1,1,0.5333333333333333,1,1,1,1,1,1,0.5333333333333333,1,1,1,1,1,1,0.5333333333333333,1
link,115-04379,AZ-101-LOOP_COUNTERCLOCKWISE,51,54,,1,1,1,1,1,0.5333333333333333,1,1,1,1,1,1,0.5333333333333333,1,1,1,1,1,1,0.5333333333333333,1
link,115P04380,AZ-101-LOOP_COUNTERCLOCKWISE,9,12,,1,1,1,1,1,0.5333333333333333,1,1,1,1,1,1,0.5333333333333333,1,1,1,1,1,1,0.5333333333333333,1
link,115-04379,AZ-101-LOOP_COUNTERCLOCKWISE,51,54,,1,1,1,1,1,0.5333333333333333,1,1,1,1,1,1,0.5333333333333333,1,1,1,1,1,1,0.5333333333333333,1
link,115P04380,AZ-101-LOOP_COUNTERCLOCKWISE,9,12,,1,1,1,1,1,0.5333333333333333,1,1,1,1,1,1,0.5333333333333333,1,1,1,1,1,1,0.5333333333333333,1
link,115-04379,AZ-101-LOOP_COUNTERCLOCKWISE,51,54,,1,1,1,1,1,0.5333333333333333,1,1,1,1,1,1,0.5333333333333333,1,1,1,1,1,1,0.5333333333333333,1
link,115+04379,AZ-101-LOOP_COUNTERCLOCKWISE,12,13,,1,1,1,1,1,0.5333333333333333,1,1,1,1,1,1,0.5333333333333333,1,1,1,1,1,1,0.5333333333333333,1
link,115N04379,AZ-101-LOOP_COUNTERCLOCKWISE,54,55,,1,1,1,1,1,0.5333333333333333,1,1,1,1,1,1,0.5333333333333333,1,1,1,1,1,1,0.5333333333333333,1
link,115+04379,AZ-101-LOOP_COUNTERCLOCKWISE,12,13,,1,1,1,1,1,0.5333333333333333,1,1,1,1,1,1,0.5333333333333333,1,1,1,1,1,1,0.5333333333333333,1
link,115N04379,AZ-101-LOOP_COUNTERCLOCKWISE,54,55,,1,1,1,1,1,0.5333333333333333,1,1,1,1,1,1,0.5333333333333333,1,1,1,1,1,1,0.5333333333333333,1
link,115+04379,AZ-101-LOOP_COUNTERCLOCKWISE,12,13,,1,1,1,1,1,0.5333333333333333,1,1,1,1,1,1,0.5333333333333333,1,1,1,1,1,1,0.5333333333333333,1
link,115N04379,AZ-101-LOOP_COUNTERCLOCKWISE,54,55,,1,1,1,1,1,0.5333333333333333,1,1,1,1,1,1,0.5333333333333333,1,1,1,1,1,1,0.5333333333333333,1
link,115+04379,AZ-101-LOOP_COUNTERCLOCKWISE,12,13,,1,1,1,1,1,0.5333333333333333,1,1,1,1,1,1,0.5333333333333333,1,1,1,1,1,1,0.5333333333333333,1
link,115N04379,AZ-101-LOOP_COUNTERCLOCKWISE,54,55,,1,1,1,1,1,0.5333333333333333,1,1,1,1,1,1,0.5333333333333333,1,1,1,1,1,1,0.5333333333333333,1
link,115+04379,AZ-101-LOOP_COUNTERCLOCKWISE,12,13,,1,1,1,1,1,0.5333333333333333,1,1,1,1,1,1,0.5333333333333333,1,1,1,1,1,1,0.5333333333333333,1
link,115N04379,AZ-101-LOOP_COUNTERCLOCKWISE,54,55,,1,1,1,1,1,0.5333333333333333,1,1,1,1,1,1,0.5333333333333333,1,1,1,1,1,1,0.5333333333333333,1
link,115P04379,AZ-101-LOOP_COUNTERCLOCKWISE,13,16,,1,1,1,1,1,0.5333333333333333,1,1,1,1,1,1,0.5333333333333333,1,1,1,1,1,1,0.5333333333333333,1
link,115-04380,AZ-101-LOOP_COUNTERCLOCKWISE,55,58,,1,1,1,1,1,0.5333333333333333,1,1,1,1,1,1,0.5333333333333333,1,1,1,1,1,1,0.5333333333333333,1
link,115P04379,AZ-101-LOOP_COUNTERCLOCKWISE,13,16,,1,1,1,1,1,0.5333333333333333,1,1,1,1,1,1,0.5333333333333333,1,1,1,1,1,1,0.5333333333333333,1
link,115-04380,AZ-101-LOOP_COUNTERCLOCKWISE,55,58,,1,1,1,1,1,0.5333333333333333,1,1,1,1,1,1,0.5333333333333333,1,1,1,1,1,1,0.5333333333333333,1
link,115P04379,AZ-101-LOOP_COUNTERCLOCKWISE,13,78,,1,1,1,1,1,0.5333333333333333,1,1,1,1,1,1,0.5333333333333333,1,1,1,1,1,1,0.5333333333333333,1
link,115-04380,AZ-101-LOOP_COUNTERCLOCKWISE,55,58,,1,1,1,1,1,0.5333333333333333,1,1,1,1,1,1,0.5333333333333333,1,1,1,1,1,1,0.5333333333333333,1
link,115P04379,AZ-101-LOOP_COUNTERCLOCKWISE,13,78,,1,1,1,1,1,0.5333333333333333,1,1,1,1,1,1,0.5333333333333333,1,1,1,1,1,1,0.5333333333333333,1
link,115-04380,AZ-101-LOOP_COUNTERCLOCKWISE,55,58,,1,1,1,1,1,0.5333333333333333,1,1,1,1,1,1,0.5333333333333333,1,1,1,1,1,1,0.5333333333333333,1
link,115P04379,AZ-101-LOOP_COUNTERCLOCKWISE,13,78,,1,1,1,1,1,0.5333333333333333,1,1,1,1,1,1,0.5333333333333333,1,1,1,1,1,1,0.5333333333333333,1
link,115-04380,AZ-101-LOOP_COUNTERCLOCKWISE,55,58,,1,1,1,1,1,0.5333333333333333,1,1,1,1,1,1,0.5333333333333333,1,1,1,1,1,1,0.5333333333333333,1
link,115N04380,AZ-101-LOOP_COUNTERCLOCKWISE,58,59,,1,1,1,1,1,0.5333333333333333,1,1,1,1,1,1,0.5333333333333333,1,1,1,1,1,1,0.5333333333333333,1
link,115+04378,AZ-101-LOOP_COUNTERCLOCKWISE,16,17,,1,1,1,1,1,0.5333333333333333,1,1,1,1,1,1,0.5333333333333333,1,1,1,1,1,1,0.5333333333333333,1
link,115N04380,AZ-101-LOOP_COUNTERCLOCKWISE,58,59,,1,1,1,1,1,0.5333333333333333,1,1,1,1,1,1,0.5333333333333333,1,1,1,1,1,1,0.5333333333333333,1
link,115+04378,AZ-101-LOOP_COUNTERCLOCKWISE,16,17,,1,1,1,1,1,0.5333333333333333,1,1,1,1,1,1,0.5333333333333333,1,1,1,1,1,1,0.5333333333333333,1
link,115N04380,AZ-101-LOOP_COUNTERCLOCKWISE,58,59,,1,1,1,1,1,0.5333333333333333,1,1,1,1,1,1,0.5333333333333333,1,1,1,1,1,1,0.5333333333333333,1
link,115+04378,AZ-101-LOOP_COUNTERCLOCKWISE,16,17,,1,1,1,1,1,0.5333333333333333,1,1,1,1,1,1,0.5333333333333333,1,1,1,1,1,1,0.5333333333333333,1
link,115N04380,AZ-101-LOOP_COUNTERCLOCKWISE,58,59,,1,1,1,1,1,0.5333333333333333,1,1,1,1,1,1,0.5333333333333333,1,1,1,1,1,1,0.5333333333333333,1
link,115+04378,AZ-101-LOOP_COUNTERCLOCKWISE,16,17,,1,1,1,1,1,0.5333333333333333,1,1,1,1,1,1,0.5333333333333333,1,1,1,1,1,1,0.5333333333333333,1
link,115N04380,AZ-101-LOOP_COUNTERCLOCKWISE,58,59,,1,1,1,1,1,0.5333333333333333,1,1,1,1,1,1,0.5333333333333333,1,1,1,1,1,1,0.5333333333333333,1
link,115+04378,AZ-101-LOOP_COUNTERCLOCKWISE,16,17,,1,1,1,1,1,0.5333333333333333,1,1,1,1,1,1,0.5333333333333333,1,1,1,1,1,1,0.5333333333333333,1
link,115-05164,AZ-101-LOOP_COUNTERCLOCKWISE,59,62,,1,1,1,1,1,0.5333333333333333,1,1,1,1,1,1,0.5333333333333333,1,1,1,1,1,1,0.5333333333333333,1
link,115P04378,AZ-101-LOOP_COUNTERCLOCKWISE,17,20,,1,1,1,1,1,0.5333333333333333,1,1,1,1,1,1,0.5333333333333333,1,1,1,1,1,1,0.5333333333333333,1
link,115-05164,AZ-101-LOOP_COUNTERCLOCKWISE,59,62,,1,1,1,1,1,0.5333333333333333,1,1,1,1,1,1,0.5333333333333333,1,1,1,1,1,1,0.5333333333333333,1
link,115P04378,AZ-101-LOOP_COUNTERCLOCKWISE,17,20,,1,1,1,1,1,0.5333333333333333,1,1,1,1,1,1,0.5333333333333333,1,1,1,1,1,1,0.5333333333333333,1
link,115-05164,AZ-101-LOOP_COUNTERCLOCKWISE,59,62,,1,1,1,1,1,0.5333333333333333,1,1,1,1,1,1,0.5333333333333333,1,1,1,1,1,1,0.5333333333333333,1
link,115P04378,AZ-101-LOOP_COUNTERCLOCKWISE,17,20,,1,1,1,1,1,0.5333333333333333,1,1,1,1,1,1,0.5333333333333333,1,1,1,1,1,1,0.5333333333333333,1
link,115-05164,AZ-101-LOOP_COUNTERCLOCKWISE,59,62,,1,1,1,1,1,0.5333333333333333,1,1,1,1,1,1,0.5333333333333333,1,1,1,1,1,1,0.5333333333333333,1
link,115P04378,AZ-101-LOOP_COUNTERCLOCKWISE,17,20,,1,1,1,1,1,0.5333333333333333,1,1,1,1,1,1,0.5333333333333333,1,1,1,1,1,1,0.5333333333333333,1
link,115-05164,AZ-101-LOOP_COUNTERCLOCKWISE,59,62,,1,1,1,1,1,0.5333333333333333,1,1,1,1,1,1,0.5333333333333333,1,1,1,1,1,1,0.5333333333333333,1
link,115P04378,AZ-101-LOOP_COUNTERCLOCKWISE,17,20,,1,1,1,1,1,0.5333333333333333,1,1,1,1,1,1,0.5333333333333333,1,1,1,1,1,1,0.5333333333333333,1
link,115N05164,AZ-101-LOOP_COUNTERCLOCKWISE,62,64,,1,1,1,1,1,0.5333333333333333,1,1,1,1,1,1,0.5333333333333333,1,1,1,1,1,1,0.5333333333333333,1
link,115+05163,AZ-101-LOOP_COUNTERCLOCKWISE,20,21,,1,1,1,1,1,0.5333333333333333,1,1,1,1,1,1,0.5333333333333333,1,1,1,1,1,1,0.5333333333333333,1
link,115N05164,AZ-101-LOOP_COUNTERCLOCKWISE,62,64,,1,1,1,1,1,0.5333333333333333,1,1,1,1,1,1,0.5333333333333333,1,1,1,1,1,1,0.5333333333333333,1
link,115+05163,AZ-101-LOOP_COUNTERCLOCKWISE,20,21,,1,1,1,1,1,0.5333333333333333,1,1,1,1,1,1,0.5333333333333333,1,1,1,1,1,1,0.5333333333333333,1
link,115N05164,AZ-101-LOOP_COUNTERCLOCKWISE,62,79,,1,1,1,1,1,0.5333333333333333,1,1,1,1,1,1,0.5333333333333333,1,1,1,1,1,1,0.5333333333333333,1
link,115+05163,AZ-101-LOOP_COUNTERCLOCKWISE,20,21,,1,1,1,1,1,0.5333333333333333,1,1,1,1,1,1,0.5333333333333333,1,1,1,1,1,1,0.5333333333333333,1
link,115N05164,AZ-101-LOOP_COUNTERCLOCKWISE,62,79,,1,1,1,1,1,0.5333333333333333,1,1,1,1,1,1,0.5333333333333333,1,1,1,1,1,1,0.5333333333333333,1
link,115+05163,AZ-101-LOOP_COUNTERCLOCKWISE,20,21,,1,1,1,1,1,0.5333333333333333,1,1,1,1,1,1,0.5333333333333333,1,1,1,1,1,1,0.5333333333333333,1
link,115N05164,AZ-101-LOOP_COUNTERCLOCKWISE,62,79,,1,1,1,1,1,0.5333333333333333,1,1,1,1,1,1,0.5333333333333333,1,1,1,1,1,1,0.5333333333333333,1
link,115+05163,AZ-101-LOOP_COUNTERCLOCKWISE,20,21,,1,1,1,1,1,0.5333333333333333,1,1,1,1,1,1,0.5333333333333333,1,1,1,1,1,1,0.5333333333333333,1
link,115P05163,AZ-101-LOOP_COUNTERCLOCKWISE,21,23,,1,1,1,1,1,0.5333333333333333,1,1,1,1,1,1,0.5333333333333333,1,1,1,1,1,1,0.5333333333333333,1
link,115-04373,AZ-101-LOOP_COUNTERCLOCKWISE,64,64,,1,1,1,1,1,0.5333333333333333,1,1,1,1,1,1,0.5333333333333333,1,1,1,1,1,1,0.5333333333333333,1
link,115P05163,AZ-101-LOOP_COUNTERCLOCKWISE,21,23,,1,1,1,1,1,0.5333333333333333,1,1,1,1,1,1,0.5333333333333333,1,1,1,1,1,1,0.5333333333333333,1
link,115-04373,AZ-101-LOOP_COUNTERCLOCKWISE,64,64,,1,1,1,1,1,0.5333333333333333,1,1,1,1,1,1,0.5333333333333333,1,1,1,1,1,1,0.5333333333333333,1
link,115P05163,AZ-101-LOOP_COUNTERCLOCKWISE,21,23,,1,1,1,1,1,0.5333333333333333,1,1,1,1,1,1,0.5333333333333333,1,1,1,1,1,1,0.5333333333333333,1
link,115-04373,AZ-101-LOOP_COUNTERCLOCKWISE,64,64,,1,1,1,1,1,0.5333333333333333,1,1,1,1,1,1,0.5333333333333333,1,1,1,1,1,1,0.5333333333333333,1
link,115P05163,AZ-101-LOOP_COUNTERCLOCKWISE,21,23,,1,1,1,1,1,0.5333333333333333,1,1,1,1,1,1,0.5333333333333333,1,1,1,1,1,1,0.5333333333333333,1
link,115-04373,AZ-101-LOOP_COUNTERCLOCKWISE,64,64,,1,1,1,1,1,0.5333333333333333,1,1,1,1,1,1,0.5333333333333333,1,1,1,1,1,1,0.5333333333333333,1
link,115P05163,AZ-101-LOOP_COUNTERCLOCKWISE,21,23,,1,1,1,1,1,0.5333333333333333,1,1,1,1,1,1,0.5333333333333333,1,1,1,1,1,1,0.5333333333333333,1
link,115-04373,AZ-101-LOOP_COUNTERCLOCKWISE,64,64,,1,1,1,1,1,0.5333333333333333,1,1,1,1,1,1,0.5333333333333333,1,1,1,1,1,1,0.5333333333333333,1
link,115N04373,AZ-101-LOOP_COUNTERCLOCKWISE,64,65,,1,1,1,1,1,0.5333333333333333,1,1,1,1,1,1,0.5333333333333333,1,1,1,1,1,1,0.5333333333333333,1
link,115+04377,AZ-101-LOOP_COUNTERCLOCKWISE,23,25,,1,1,1,1,1,0.5333333333333333,1,1,1,1,1,1,0.5333333333333333,1,1,1,1,1,1,0.5333333333333333,1
link,115N04373,AZ-101-LOOP_COUNTERCLOCKWISE,64,65,,1,1,1,1,1,0.5333333333333333,1,1,1,1,1,1,0.5333333333333333,1,1,1,1,1,1,0.5333333333333333,1
link,115+04377,AZ-101-LOOP_COUNTERCLOCKWISE,23,25,,1,1,1,1,1,0.5333333333333333,1,1,1,1,1,1,0.5333333333333333,1,1,1,1,1,1,0.5333333333333333,1
link,115N04373,AZ-101-LOOP_COUNTERCLOCKWISE,64,80,,1,1,1,1,1,0.5333333333333333,1,1,1,1,1,1,0.5333333333333333,1,1,1,1,1,1,0.5333333333333333,1
link,115+04377,AZ-101-LOOP_COUNTERCLOCKWISE,23,25,,1,1,1,1,1,0.5333333333333333,1,1,1,1,1,1,0.5333333333333333,1,1,1,1,1,1,0.5333333333333333,1
link,115N04373,AZ-101-LOOP_COUNTERCLOCKWISE,64,80,,1,1,1,1,1,0.5333333333333333,1,1,1,1,1,1,0.5333333333333333,1,1,1,1,1,1,0.5333333333333333,1
link,115+04377,AZ-101-LOOP_COUNTERCLOCKWISE,23,25,,1,1,1,1,1,0.5333333333333333,1,1,1,1,1,1,0.5333333333333333,1,1,1,1,1,1,0.5333333333333333,1
link,115N04373,AZ-101-LOOP_COUNTERCLOCKWISE,64,80,,1,1,1,1,1,0.5333333333333333,1,1,1,1,1,1,0.5333333333333333,1,1,1,1,1,1,0.5333333333333333,1
link,115+04377,AZ-101-LOOP_COUNTERCLOCKWISE,23,25,,1,1,1,1,1,0.5333333333333333,1,1,1,1,1,1,0.5333333333333333,1,1,1,1,1,1,0.5333333333333333,1
link,115P04377,AZ-101-LOOP_COUNTERCLOCKWISE,25,28,,1,1,1,1,1,0.5333333333333333,1,1,1,1,1,1,0.5333333333333333,1,1,1,1,1,1,0.5333333333333333,1
link,115-04372,AZ-101-LOOP_COUNTERCLOCKWISE,65,68,,1,1,1,1,1,0.5333333333333333,1,1,1,1,1,1,0.5333333333333333,1,1,1,1,1,1,0.5333333333333333,1
link,115P04377,AZ-101-LOOP_COUNTERCLOCKWISE,25,28,,1,1,1,1,1,0.5333333333333333,1,1,1,1,1,1,0.5333333333333333,1,1,1,1,1,1,0.5333333333333333,1
link,115-04372,AZ-101-LOOP_COUNTERCLOCKWISE,65,68,,1,1,1,1,1,0.5333333333333333,1,1,1,1,1,1,0.5333333333333333,1,1,1,1,1,1,0.5333333333333333,1
link,115P04377,AZ-101-LOOP_COUNTERCLOCKWISE,25,28,,1,1,1,1,1,0.5333333333333333,1,1,1,1,1,1,0.5333333333333333,1,1,1,1,1,1,0.5333333333333333,1
link,115-04372,AZ-101-LOOP_COUNTERCLOCKWISE,65,68,,1,1,1,1,1,0.5333333333333333,1,1,1,1,1,1,0.5333333333333333,1,1,1,1,1,1,0.5333333333333333,1
link,115P04377,AZ-101-LOOP_COUNTERCLOCKWISE,25,28,,1,1,1,1,1,0.5333333333333333,1,1,1,1,1,1,0.5333333333333333,1,1,1,1,1,1,0.5333333333333333,1
link,115-04372,AZ-101-LOOP_COUNTERCLOCKWISE,65,68,,1,1,1,1,1,0.5333333333333333,1,1,1,1,1,1,0.5333333333333333,1,1,1,1,1,1,0.5333333333333333,1
link,115P04377,AZ-101-LOOP_COUNTERCLOCKWISE,25,28,,1,1,1,1,1,0.5333333333333333,1,1,1,1,1,1,0.5333333333333333,1,1,1,1,1,1,0.5333333333333333,1
link,115-04372,AZ-101-LOOP_COUNTERCLOCKWISE,65,68,,1,1,1,1,1,0.5333333333333333,1,1,1,1,1,1,0.5333333333333333,1,1,1,1,1,1,0.5333333333333333,1
link,115N04372,AZ-101-LOOP_COUNTERCLOCKWISE,68,69,,1,1,1,1,1,0.5333333333333333,1,1,1,1,1,1,0.5333333333333333,1,1,1,1,1,1,0.5333333333333333,1
link,115+04376,AZ-101-LOOP_COUNTERCLOCKWISE,28,29,,1,1,1,1,1,0.5333333333333333,1,1,1,1,1,1,0.5333333333333333,1,1,1,1,1,1,0.5333333333333333,1
link,115N04372,AZ-101-LOOP_COUNTERCLOCKWISE,68,69,,1,1,1,1,1,0.5333333333333333,1,1,1,1,1,1,0.5333333333333333,1,1,1,1,1,1,0.5333333333333333,1
link,115+04376,AZ-101-LOOP_COUNTERCLOCKWISE,28,29,,1,1,1,1,1,0.5333333333333333,1,1,1,1,1,1,0.5333333333333333,1,1,1,1,1,1,0.5333333333333333,1
link,115N04372,AZ-101-LOOP_COUNTERCLOCKWISE,68,69,,1,1,1,1,1,0.5333333333333333,1,1,1,1,1,1,0.5333333333333333,1,1,1,1,1,1,0.5333333333333333,1
link,115+04376,AZ-101-LOOP_COUNTERCLOCKWISE,28,29,,1,1,1,1,1,0.5333333333333333,1,1,1,1,1,1,0.5333333333333333,1,1,1,1,1,1,0.5333333333333333,1
link,115N04372,AZ-101-LOOP_COUNTERCLOCKWISE,68,69,,1,1,1,1,1,0.5333333333333333,1,1,1,1,1,1,0.5333333333333333,1,1,1,1,1,1,0.5333333333333333,1
link,115+04376,AZ-101-LOOP_COUNTERCLOCKWISE,28,29,,1,1,1,1,1,0.5333333333333333,1,1,1,1,1,1,0.5333333333333333,1,1,1,1,1,1,0.5333333333333333,1
link,115+04376,AZ-101-LOOP_COUNTERCLOCKWISE,28,29,,1,1,1,1,1,0.5333333333333333,1,1,1,1,1,1,0.5333333333333333,1,1,1,1,1,1,0.5333333333333333,1
link,115N04372,AZ-101-LOOP_COUNTERCLOCKWISE,68,69,,1,1,1,1,1,0.5333333333333333,1,1,1,1,1,1,0.5333333333333333,1,1,1,1,1,1,0.5333333333333333,1
link,115P04376,AZ-101-LOOP_COUNTERCLOCKWISE,29,32,,1,1,1,1,1,0.5333333333333333,1,1,1,1,1,1,0.5333333333333333,1,1,1,1,1,1,0.5333333333333333,1
link,115P04376,AZ-101-LOOP_COUNTERCLOCKWISE,29,32,,1,1,1,1,1,0.5333333333333333,1,1,1,1,1,1,0.5333333333333333,1,1,1,1,1,1,0.5333333333333333,1
link,115P04376,AZ-101-LOOP_COUNTERCLOCKWISE,29,32,,1,1,1,1,1,0.5333333333333333,1,1,1,1,1,1,0.5333333333333333,1,1,1,1,1,1,0.5333333333333333,1
link,115P04376,AZ-101-LOOP_COUNTERCLOCKWISE,29,32,,1,1,1,1,1,0.5333333333333333,1,1,1,1,1,1,0.5333333333333333,1,1,1,1,1,1,0.5333333333333333,1
link,115P04376,AZ-101-LOOP_COUNTERCLOCKWISE,29,32,,1,1,1,1,1,0.5333333333333333,1,1,1,1,1,1,0.5333333333333333,1,1,1,1,1,1,0.5333333333333333,1
link,115+04375,AZ-101-LOOP_COUNTERCLOCKWISE,32,33,,1,1,1,1,1,0.5333333333333333,1,1,1,1,1,1,0.5333333333333333,1,1,1,1,1,1,0.5333333333333333,1
link,115+04375,AZ-101-LOOP_COUNTERCLOCKWISE,32,33,,1,1,1,1,1,0.5333333333333333,1,1,1,1,1,1,0.5333333333333333,1,1,1,1,1,1,0.5333333333333333,1
link,115+04375,AZ-101-LOOP_COUNTERCLOCKWISE,32,33,,1,1,1,1,1,0.5333333333333333,1,1,1,1,1,1,0.5333333333333333,1,1,1,1,1,1,0.5333333333333333,1
link,115+04375,AZ-101-LOOP_COUNTERCLOCKWISE,32,33,,1,1,1,1,1,0.5333333333333333,1,1,1,1,1,1,0.5333333333333333,1,1,1,1,1,1,0.5333333333333333,1
link,115+04375,AZ-101-LOOP_COUNTERCLOCKWISE,32,33,,1,1,1,1,1,0.5333333333333333,1,1,1,1,1,1,0.5333333333333333,1,1,1,1,1,1,0.5333333333333333,1
link,115P04375,AZ-101-LOOP_COUNTERCLOCKWISE,33,36,,1,1,1,1,1,0.5333333333333333,1,1,1,1,1,1,0.5333333333333333,1,1,1,1,1,1,0.5333333333333333,1
link,115P04375,AZ-101-LOOP_COUNTERCLOCKWISE,33,36,,1,1,1,1,1,0.5333333333333333,1,1,1,1,1,1,0.5333333333333333,1,1,1,1,1,1,0.5333333333333333,1
link,115P04375,AZ-101-LOOP_COUNTERCLOCKWISE,33,36,,1,1,1,1,1,0.5333333333333333,1,1,1,1,1,1,0.5333333333333333,1,1,1,1,1,1,0.5333333333333333,1
link,115P04375,AZ-101-LOOP_COUNTERCLOCKWISE,33,36,,1,1,1,1,1,0.5333333333333333,1,1,1,1,1,1,0.5333333333333333,1,1,1,1,1,1,0.5333333333333333,1
link,115P04375,AZ-101-LOOP_COUNTERCLOCKWISE,33,36,,1,1,1,1,1,0.5333333333333333,1,1,1,1,1,1,0.5333333333333333,1,1,1,1,1,1,0.5333333333333333,1
link,115+04374,AZ-101-LOOP_COUNTERCLOCKWISE,36,37,,1,1,1,1,1,0.5333333333333333,1,1,1,1,1,1,0.5333333333333333,1,1,1,1,1,1,0.5333333333333333,1
link,115+04374,AZ-101-LOOP_COUNTERCLOCKWISE,36,37,,1,1,1,1,1,0.5333333333333333,1,1,1,1,1,1,0.5333333333333333,1,1,1,1,1,1,0.5333333333333333,1
link,115+04374,AZ-101-LOOP_COUNTERCLOCKWISE,36,37,,1,1,1,1,1,0.5333333333333333,1,1,1,1,1,1,0.5333333333333333,1,1,1,1,1,1,0.5333333333333333,1
link,115+04374,AZ-101-LOOP_COUNTERCLOCKWISE,36,37,,1,1,1,1,1,0.5333333333333333,1,1,1,1,1,1,0.5333333333333333,1,1,1,1,1,1,0.5333333333333333,1
link,115+04374,AZ-101-LOOP_COUNTERCLOCKWISE,36,37,,1,1,1,1,1,0.5333333333333333,1,1,1,1,1,1,0.5333333333333333,1,1,1,1,1,1,0.5333333333333333,1
link,115P04374,AZ-101-LOOP_COUNTERCLOCKWISE,37,40,,1,1,1,1,1,0.5333333333333333,1,1,1,1,1,1,0.5333333333333333,1,1,1,1,1,1,0.5333333333333333,1
link,115P04374,AZ-101-LOOP_COUNTERCLOCKWISE,37,40,,1,1,1,1,1,0.5333333333333333,1,1,1,1,1,1,0.5333333333333333,1,1,1,1,1,1,0.5333333333333333,1
link,115P04374,AZ-101-LOOP_COUNTERCLOCKWISE,37,40,,1,1,1,1,1,0.5333333333333333,1,1,1,1,1,1,0.5333333333333333,1,1,1,1,1,1,0.5333333333333333,1
link,115P04374,AZ-101-LOOP_COUNTERCLOCKWISE,37,40,,1,1,1,1,1,0.5333333333333333,1,1,1,1,1,1,0.5333333333333333,1,1,1,1,1,1,0.5333333333333333,1
link,115P04374,AZ-101-LOOP_COUNTERCLOCKWISE,37,40,,1,1,1,1,1,0.5333333333333333,1,1,1,1,1,1,0.5333333333333333,1,1,1,1,1,1,0.5333333333333333,1
link,115+04140,AZ-101-LOOP_COUNTERCLOCKWISE,40,41,,1,1,1,1,1,0.5333333333333333,1,1,1,1,1,1,0.5333333333333333,1,1,1,1,1,1,0.5333333333333333,1
link,115+04140,AZ-101-LOOP_COUNTERCLOCKWISE,40,41,,1,1,1,1,1,0.5333333333333333,1,1,1,1,1,1,0.5333333333333333,1,1,1,1,1,1,0.5333333333333333,1
link,115+04140,AZ-101-LOOP_COUNTERCLOCKWISE,40,41,,1,1,1,1,1,0.5333333333333333,1,1,1,1,1,1,0.5333333333333333,1,1,1,1,1,1,0.5333333333333333,1
link,115+04140,AZ-101-LOOP_COUNTERCLOCKWISE,40,41,,1,1,1,1,1,0.5333333333333333,1,1,1,1,1,1,0.5333333333333333,1,1,1,1,1,1,0.5333333333333333,1
link,115+04140,AZ-101-LOOP_COUNTERCLOCKWISE,40,41,,1,1,1,1,1,0.5333333333333333,1,1,1,1,1,1,0.5333333333333333,1,1,1,1,1,1,0.5333333333333333,1
link,115P04140,AZ-101-LOOP_COUNTERCLOCKWISE,41,44,,1,1,1,1,1,0.5333333333333333,1,1,1,1,1,1,0.5333333333333333,1,1,1,1,1,1,0.5333333333333333,1
link,115P04140,AZ-101-LOOP_COUNTERCLOCKWISE,41,44,,1,1,1,1,1,0.5333333333333333,1,1,1,1,1,1,0.5333333333333333,1,1,1,1,1,1,0.5333333333333333,1
link,115P04140,AZ-101-LOOP_COUNTERCLOCKWISE,41,44,,1,1,1,1,1,0.5333333333333333,1,1,1,1,1,1,0.5333333333333333,1,1,1,1,1,1,0.5333333333333333,1
link,115P04140,AZ-101-LOOP_COUNTERCLOCKWISE,41,44,,1,1,1,1,1,0.5333333333333333,1,1,1,1,1,1,0.5333333333333333,1,1,1,1,1,1,0.5333333333333333,1
link,115P04140,AZ-101-LOOP_COUNTERCLOCKWISE,41,44,,1,1,1,1,1,0.5333333333333333,1,1,1,1,1,1,0.5333333333333333,1,1,1,1,1,1,0.5333333333333333,1
link,115+04139,AZ-101-LOOP_COUNTERCLOCKWISE,44,45,,1,1,1,1,1,0.5333333333333333,1,1,1,1,1,1,0.5333333333333333,1,1,1,1,1,1,0.5333333333333333,1
link,115+04139,AZ-101-LOOP_COUNTERCLOCKWISE,44,45,,1,1,1,1,1,0.5333333333333333,1,1,1,1,1,1,0.5333333333333333,1,1,1,1,1,1,0.5333333333333333,1
link,115+04139,AZ-101-LOOP_COUNTERCLOCKWISE,44,45,,1,1,1,1,1,0.5333333333333333,1,1,1,1,1,1,0.5333333333333333,1,1,1,1,1,1,0.5333333333333333,1
link,115+04139,AZ-101-LOOP_COUNTERCLOCKWISE,44,45,,1,1,1,1,1,0.5333333333333333,1,1,1,1,1,1,0.5333333333333333,1,1,1,1,1,1,0.5333333333333333,1
link,115+04139,AZ-101-LOOP_COUNTERCLOCKWISE,44,45,,1,1,1,1,1,0.5333333333333333,1,1,1,1,1,1,0.5333333333333333,1,1,1,1,1,1,0.5333333333333333,1
link,115P04139,AZ-101-LOOP_COUNTERCLOCKWISE,45,47,,1,1,1,1,1,0.5333333333333333,1,1,1,1,1,1,0.5333333333333333,1,1,1,1,1,1,0.5333333333333333,1
link,115P04139,AZ-101-LOOP_COUNTERCLOCKWISE,45,47,,1,1,1,1,1,0.5333333333333333,1,1,1,1,1,1,0.5333333333333333,1,1,1,1,1,1,0.5333333333333333,1
link,115P04139,AZ-101-LOOP_COUNTERCLOCKWISE,45,47,,1,1,1,1,1,0.5333333333333333,1,1,1,1,1,1,0.5333333333333333,1,1,1,1,1,1,0.5333333333333333,1
link,115P04139,AZ-101-LOOP_COUNTERCLOCKWISE,45,47,,1,1,1,1,1,0.5333333333333333,1,1,1,1,1,1,0.5333333333333333,1,1,1,1,1,1,0.5333333333333333,1
link,115P04139,AZ-101-LOOP_COUNTERCLOCKWISE,45,47,,1,1,1,1,1,0.5333333333333333,1,1,1,1,1,1,0.5333333333333333,1,1,1,1,1,1,0.5333333333333333,1
link,115+04138,AZ-101-LOOP_COUNTERCLOCKWISE,47,49,,1,1,1,1,1,0.5333333333333333,1,1,1,1,1,1,0.5333333333333333,1,1,1,1,1,1,0.5333333333333333,1
link,115+04138,AZ-101-LOOP_COUNTERCLOCKWISE,47,49,,1,1,1,1,1,0.5333333333333333,1,1,1,1,1,1,0.5333333333333333,1,1,1,1,1,1,0.5333333333333333,1
link,115+04138,AZ-101-LOOP_COUNTERCLOCKWISE,47,49,,1,1,1,1,1,0.5333333333333333,1,1,1,1,1,1,0.5333333333333333,1,1,1,1,1,1,0.5333333333333333,1
link,115+04138,AZ-101-LOOP_COUNTERCLOCKWISE,47,49,,1,1,1,1,1,0.5333333333333333,1,1,1,1,1,1,0.5333333333333333,1,1,1,1,1,1,0.5333333333333333,1
link,115+04138,AZ-101-LOOP_COUNTERCLOCKWISE,47,49,,1,1,1,1,1,0.5333333333333333,1,1,1,1,1,1,0.5333333333333333,1,1,1,1,1,1,0.5333333333333333,1
link,115P04138,AZ-101-LOOP_COUNTERCLOCKWISE,49,52,,1,1,1,1,1,0.5333333333333333,1,1,1,1,1,1,0.5333333333333333,1,1,1,1,1,1,0.5333333333333333,1
link,115P04138,AZ-101-LOOP_COUNTERCLOCKWISE,49,52,,1,1,1,1,1,0.5333333333333333,1,1,1,1,1,1,0.5333333333333333,1,1,1,1,1,1,0.5333333333333333,1
link,115P04138,AZ-101-LOOP_COUNTERCLOCKWISE,49,52,,1,1,1,1,1,0.5333333333333333,1,1,1,1,1,1,0.5333333333333333,1,1,1,1,1,1,0.5333333333333333,1
link,115P04138,AZ-101-LOOP_COUNTERCLOCKWISE,49,52,,1,1,1,1,1,0.5333333333333333,1,1,1,1,1,1,0.5333333333333333,1,1,1,1,1,1,0.5333333333333333,1
link,115P04138,AZ-101-LOOP_COUNTERCLOCKWISE,49,52,,1,1,1,1,1,0.5333333333333333,1,1,1,1,1,1,0.5333333333333333,1,1,1,1,1,1,0.5333333333333333,1
link,115+04137,AZ-101-LOOP_COUNTERCLOCKWISE,52,53,,1,1,1,1,1,0.5333333333333333,1,1,1,1,1,1,0.5333333333333333,1,1,1,1,1,1,0.5333333333333333,1
link,115+04137,AZ-101-LOOP_COUNTERCLOCKWISE,52,53,,1,1,1,1,1,0.5333333333333333,1,1,1,1,1,1,0.5333333333333333,1,1,1,1,1,1,0.5333333333333333,1
link,115+04137,AZ-101-LOOP_COUNTERCLOCKWISE,52,53,,1,1,1,1,1,0.5333333333333333,1,1,1,1,1,1,0.5333333333333333,1,1,1,1,1,1,0.5333333333333333,1
link,115+04137,AZ-101-LOOP_COUNTERCLOCKWISE,52,53,,1,1,1,1,1,0.5333333333333333,1,1,1,1,1,1,0.5333333333333333,1,1,1,1,1,1,0.5333333333333333,1
link,115+04137,AZ-101-LOOP_COUNTERCLOCKWISE,52,53,,1,1,1,1,1,0.5333333333333333,1,1,1,1,1,1,0.5333333333333333,1,1,1,1,1,1,0.5333333333333333,1
link,115P04137,AZ-101-LOOP_COUNTERCLOCKWISE,53,56,,1,1,1,1,1,0.5333333333333333,1,1,1,1,1,1,0.5333333333333333,1,1,1,1,1,1,0.5333333333333333,1
link,115P04137,AZ-101-LOOP_COUNTERCLOCKWISE,53,56,,1,1,1,1,1,0.5333333333333333,1,1,1,1,1,1,0.5333333333333333,1,1,1,1,1,1,0.5333333333333333,1
link,115P04137,AZ-101-LOOP_COUNTERCLOCKWISE,53,56,,1,1,1,1,1,0.5333333333333333,1,1,1,1,1,1,0.5333333333333333,1,1,1,1,1,1,0.5333333333333333,1
link,115P04137,AZ-101-LOOP_COUNTERCLOCKWISE,53,56,,1,1,1,1,1,0.5333333333333333,1,1,1,1,1,1,0.5333333333333333,1,1,1,1,1,1,0.5333333333333333,1
link,115P04137,AZ-101-LOOP_COUNTERCLOCKWISE,53,56,,1,1,1,1,1,0.5333333333333333,1,1,1,1,1,1,0.5333333333333333,1,1,1,1,1,1,0.5333333333333333,1
link,115+04136,AZ-101-LOOP_COUNTERCLOCKWISE,56,57,,1,1,1,1,1,0.5333333333333333,1,1,1,1,1,1,0.5333333333333333,1,1,1,1,1,1,0.5333333333333333,1
link,115+04136,AZ-101-LOOP_COUNTERCLOCKWISE,56,57,,1,1,1,1,1,0.5333333333333333,1,1,1,1,1,1,0.5333333333333333,1,1,1,1,1,1,0.5333333333333333,1
link,115+04136,AZ-101-LOOP_COUNTERCLOCKWISE,56,57,,1,1,1,1,1,0.5333333333333333,1,1,1,1,1,1,0.5333333333333333,1,1,1,1,1,1,0.5333333333333333,1
link,115+04136,AZ-101-LOOP_COUNTERCLOCKWISE,56,57,,1,1,1,1,1,0.5333333333333333,1,1,1,1,1,1,0.5333333333333333,1,1,1,1,1,1,0.5333333333333333,1
link,115+04136,AZ-101-LOOP_COUNTERCLOCKWISE,56,57,,1,1,1,1,1,0.5333333333333333,1,1,1,1,1,1,0.5333333333333333,1,1,1,1,1,1,0.5333333333333333,1
link,115P04136,AZ-101-LOOP_COUNTERCLOCKWISE,57,60,,1,1,1,1,1,0.5333333333333333,1,1,1,1,1,1,0.5333333333333333,1,1,1,1,1,1,0.5333333333333333,1
link,115P04136,AZ-101-LOOP_COUNTERCLOCKWISE,57,60,,1,1,1,1,1,0.5333333333333333,1,1,1,1,1,1,0.5333333333333333,1,1,1,1,1,1,0.5333333333333333,1
link,115P04136,AZ-101-LOOP_COUNTERCLOCKWISE,57,60,,1,1,1,1,1,0.5333333333333333,1,1,1,1,1,1,0.5333333333333333,1,1,1,1,1,1,0.5333333333333333,1
link,115P04136,AZ-101-LOOP_COUNTERCLOCKWISE,57,60,,1,1,1,1,1,0.5333333333333333,1,1,1,1,1,1,0.5333333333333333,1,1,1,1,1,1,0.5333333333333333,1
link,115P04136,AZ-101-LOOP_COUNTERCLOCKWISE,57,60,,1,1,1,1,1,0.5333333333333333,1,1,1,1,1,1,0.5333333333333333,1,1,1,1,1,1,0.5333333333333333,1
link,115+04135,AZ-101-LOOP_COUNTERCLOCKWISE,60,61,,1,1,1,1,1,0.5333333333333333,1,1,1,1,1,1,0.5333333333333333,1,1,1,1,1,1,0.5333333333333333,1
link,115+04135,AZ-101-LOOP_COUNTERCLOCKWISE,60,61,,1,1,1,1,1,0.5333333333333333,1,1,1,1,1,1,0.5333333333333333,1,1,1,1,1,1,0.5333333333333333,1
link,115+04135,AZ-101-LOOP_COUNTERCLOCKWISE,60,61,,1,1,1,1,1,0.5333333333333333,1,1,1,1,1,1,0.5333333333333333,1,1,1,1,1,1,0.5333333333333333,1
link,115+04135,AZ-101-LOOP_COUNTERCLOCKWISE,60,61,,1,1,1,1,1,0.5333333333333333,1,1,1,1,1,1,0.5333333333333333,1,1,1,1,1,1,0.5333333333333333,1
link,115+04135,AZ-101-LOOP_COUNTERCLOCKWISE,60,61,,1,1,1,1,1,0.5333333333333333,1,1,1,1,1,1,0.5333333333333333,1,1,1,1,1,1,0.5333333333333333,1
link,115P04135,AZ-101-LOOP_COUNTERCLOCKWISE,61,66,,1,1,1,1,1,0.5333333333333333,1,1,1,1,1,1,0.5333333333333333,1,1,1,1,1,1,0.5333333333333333,1
link,115P04135,AZ-101-LOOP_COUNTERCLOCKWISE,61,66,,1,1,1,1,1,0.5333333333333333,1,1,1,1,1,1,0.5333333333333333,1,1,1,1,1,1,0.5333333333333333,1
link,115P04135,AZ-101-LOOP_COUNTERCLOCKWISE,61,66,,1,1,1,1,1,0.5333333333333333,1,1,1,1,1,1,0.5333333333333333,1,1,1,1,1,1,0.5333333333333333,1
link,115P04135,AZ-101-LOOP_COUNTERCLOCKWISE,61,66,,1,1,1,1,1,0.5333333333333333,1,1,1,1,1,1,0.5333333333333333,1,1,1,1,1,1,0.5333333333333333,1
link,115P04135,AZ-101-LOOP_COUNTERCLOCKWISE,61,66,,1,1,1,1,1,0.5333333333333333,1,1,1,1,1,1,0.5333333333333333,1,1,1,1,1,1,0.5333333333333333,1
link,115+04134,AZ-101-LOOP_COUNTERCLOCKWISE,66,67,,1,1,1,1,1,0.5333333333333333,1,1,1,1,1,1,0.5333333333333333,1,1,1,1,1,1,0.5333333333333333,1
link,115+04134,AZ-101-LOOP_COUNTERCLOCKWISE,66,67,,1,1,1,1,1,0.5333333333333333,1,1,1,1,1,1,0.5333333333333333,1,1,1,1,1,1,0.5333333333333333,1
link,115+04134,AZ-101-LOOP_COUNTERCLOCKWISE,66,67,,1,1,1,1,1,0.5333333333333333,1,1,1,1,1,1,0.5333333333333333,1,1,1,1,1,1,0.5333333333333333,1
link,115+04134,AZ-101-LOOP_COUNTERCLOCKWISE,66,67,,1,1,1,1,1,0.5333333333333333,1,1,1,1,1,1,0.5333333333333333,1,1,1,1,1,1,0.5333333333333333,1
link,115+04134,AZ-101-LOOP_COUNTERCLOCKWISE,66,67,,1,1,1,1,1,0.5333333333333333,1,1,1,1,1,1,0.5333333333333333,1,1,1,1,1,1,0.5333333333333333,1
link,115P04134,AZ-101-LOOP_COUNTERCLOCKWISE,67,70,,1,1,1,1,1,0.5333333333333333,1,1,1,1,1,1,0.5333333333333333,1,1,1,1,1,1,0.5333333333333333,1
link,115P04134,AZ-101-LOOP_COUNTERCLOCKWISE,67,70,,1,1,1,1,1,0.5333333333333333,1,1,1,1,1,1,0.5333333333333333,1,1,1,1,1,1,0.5333333333333333,1
link,115P04134,AZ-101-LOOP_COUNTERCLOCKWISE,67,70,,1,1,1,1,1,0.5333333333333333,1,1,1,1,1,1,0.5333333333333333,1,1,1,1,1,1,0.5333333333333333,1
link,115P04134,AZ-101-LOOP_COUNTERCLOCKWISE,67,70,,1,1,1,1,1,0.5333333333333333,1,1,1,1,1,1,0.5333333333333333,1,1,1,1,1,1,0.5333333333333333,1
link,115P04134,AZ-101-LOOP_COUNTERCLOCKWISE,67,70,,1,1,1,1,1,0.5333333333333333,1,1,1,1,1,1,0.5333333333333333,1,1,1,1,1,1,0.5333333333333333,1
